,Barridas ganadas,Intercepciones,Despejes,Despejes por alto,Regateado,Error que llevó al gol,Errores que terminan el disparo,Posesiones ganadas en el último tercio,Faltas cometidas,Barridas totales
0,0,1,2,,1,,,,0,0
1,1,1,0,,0,,,,1,1
3,0,0,1,,0,,,,0,0
6,0,0,0,,0,,,,0,0
12,3,1,2,,0,,,,1,4
15,1,0,1,,0,,,,1,1
16,0,1,1,,1,,,,1,0
19,1,0,2,,0,,,1,1,1
20,5,1,1,,1,,,,1,5
22,0,0,6,,1,,,,3,0
23,0,2,3,,0,,,,0,0
29,0,2,1,,2,,,,2,0
34,0,1,2,,0,,,,0,0
35,0,1,3,,0,,,,0,0
38,0,0,0,,0,,,,1,0
41,4,0,1,,0,,,,0,5
45,1,1,0,,1,,,,0,1
47,3,1,3,,1,,,,3,3
49,2,0,3,,0,,,,0,2
50,0,0,0,,0,,,,0,0
53,0,0,2,,2,,,,4,0
55,0,0,0,,0,,,,1,0
56,2,0,1,,0,,,,1,2
62,1,1,1,,0,,,,0,2
64,0,1,2,,0,,,,1,0
70,3,0,2,,1,,1,,0,4
72,0,0,4,,2,,,,2,0
73,0,0,0,,0,,,,0,0
76,1,0,4,,0,,1,,1,3
77,1,3,4,,1,,,,1,4
81,1,1,6,,0,,,,1,1
82,1,0,0,,0,,,,2,1
83,4,0,1,,3,,,,2,7
85,0,0,0,,0,,,,0,0
86,2,2,1,,0,,,,2,3
88,0,1,1,,1,,,,0,0
93,0,0,0,,0,,,1,1,0
96,0,1,10,,1,,,,0,0
99,0,1,0,,0,,,,1,0
102,0,0,1,,0,,,,0,0
103,2,3,3,,0,,,,2,2
107,0,0,1,,0,,,1,0,0
109,0,1,12,,0,,,,1,0
110,0,2,0,,0,,,,0,0
115,1,0,1,,0,,,,2,1
117,0,2,1,,0,,,1,2,0
122,2,0,8,,1,,,,3,3
124,1,0,1,,2,,,,1,2
126,2,0,0,,0,,,,0,2
129,0,0,6,,0,,,,0,0
130,0,0,0,,0,,,,0,0
131,0,0,0,,0,,,,0,0
136,2,1,1,,0,,,,1,3
137,2,0,1,,1,,,1,3,2
138,1,1,3,,0,,,,0,1
141,2,0,4,,1,,,2,2,2
152,1,1,3,,0,,,,1,2
153,1,0,0,,0,,,,0,1
155,0,1,10,,0,,,,0,0
161,1,0,0,,1,,,,0,3
166,2,0,2,,2,,,,1,3
167,0,1,4,,0,,,,1,0
172,1,0,2,,1,,,1,1,1
173,0,1,1,,0,,,,0,0
175,0,1,3,,1,,,,3,0
183,0,0,0,,0,,,,0,0
186,1,2,2,,0,,,,0,1
187,3,0,3,,0,,,,1,3
191,1,2,2,,0,,,1,1,3
192,1,1,7,,0,,,,0,1
199,1,0,0,,2,,,,1,3
200,2,0,3,,0,,,,0,2
208,0,0,1,,1,,,,0,0
209,2,3,9,,0,,,,1,3
212,2,0,0,,0,,,,1,4
213,0,1,5,,0,,,,1,0
215,1,1,3,,2,,,1,1,1
220,2,2,3,,0,,,,0,5
224,0,3,4,,1,1,,,1,0
225,1,0,4,,0,,,,0,1
227,2,1,8,,0,,,,1,4
236,0,0,2,,1,,,,0,0
239,0,0,0,,0,,,,0,0
243,0,0,3,,1,,,,3,0
244,1,2,3,,0,,,,1,2
247,2,0,0,,0,,,,0,2
248,0,0,0,,0,,,,0,0
252,0,0,0,,0,,,,0,0
253,0,1,1,,1,,,,0,0
254,0,0,0,,0,,,,0,0
255,0,0,0,,1,,,,1,0
261,0,1,0,,0,,,,0,0
262,0,0,0,,0,,,,0,0
264,3,1,3,,1,,,1,0,4
269,0,0,4,,0,,,,0,0
273,2,0,0,,2,,,,0,2
276,2,3,4,,3,,,,0,2
283,0,2,2,,0,,,,4,0
286,1,1,1,,2,,,,2,2
291,0,1,0,,1,,,,0,0
297,1,1,0,,0,,,,1,1
301,1,0,10,,0,,,,3,1
303,0,0,3,,2,,,,1,0
308,5,0,1,,0,,,1,1,5
313,1,0,3,,2,,,,0,1
314,2,0,6,,0,,,,1,2
315,0,0,2,,1,,,,1,0
317,4,1,1,,2,,,,1,4
320,0,0,1,,0,,,,0,0
327,0,1,6,,0,,,,2,0
329,0,4,7,,0,,,,2,0
330,0,0,2,,0,,,,0,0
333,1,3,4,,0,,,,1,1
334,1,1,2,,1,,,,2,2
335,1,1,3,,0,,,,1,3
337,0,3,7,,0,,,,0,0
339,1,0,2,,0,,,,1,1
342,1,0,0,,0,,,,0,1
348,0,0,2,,0,,,,1,0
350,2,1,2,,1,,,,0,2
354,0,0,9,,0,,,,0,0
355,1,0,0,,1,,,,0,1
357,0,0,0,,0,,,,0,0
359,0,1,1,,1,,,,0,0
365,1,0,1,,0,,,,1,5
373,0,0,1,,1,,,,2,0
374,2,0,4,,1,,,,2,3
377,0,2,3,,1,,,,0,0
378,0,0,8,,0,,,,0,0
379,1,2,2,,0,,,,3,1
382,0,0,0,,0,,,,0,0
386,3,0,1,,0,,,,0,3
387,3,0,1,,0,,,,1,3
388,0,0,1,,0,,,,0,0
390,0,0,1,,2,,,,1,0
391,0,1,0,,0,,,1,0,0
392,1,0,1,,0,,,,2,3
394,2,1,8,,0,,,,1,3
396,1,3,3,,0,,,,1,2
402,1,0,2,,0,,,1,2,1
408,0,1,0,,1,,,,0,0
410,0,0,5,,1,,,,1,0
412,3,1,3,,0,,,1,2,3
416,1,1,1,,0,,,1,0,1
420,1,2,7,,1,,,,0,1
425,1,1,1,,2,,1,,1,1
426,1,1,2,,0,1,1,,0,2
429,0,1,2,,1,,,,0,0
431,0,1,3,,1,,,,2,0
432,1,0,3,,0,,,,2,1
447,0,1,3,,0,,,,2,0
450,0,1,7,,2,,,,0,0
452,1,0,3,,0,,,,0,1
455,0,0,0,,0,,,,0,0
457,0,0,1,,0,,,,0,0
460,2,1,7,,1,,,,1,2
466,0,0,1,,0,,,,0,0
467,0,0,0,,0,,,,0,0
472,4,1,2,,1,,,,1,7
475,0,0,2,,0,,,,0,0
477,0,0,1,,0,,,,0,0
481,1,1,1,,1,,,,1,1
482,1,1,4,,1,,,,1,1
483,1,1,2,,0,,,,0,1
485,2,1,3,,1,,,,3,3
489,3,1,0,,0,,,,0,3
494,0,1,4,,5,,,,1,0
496,0,2,2,,0,,,,2,0
501,0,1,4,,0,,,1,0,0
504,0,0,1,,0,,,,0,0
509,3,1,2,,1,,,,0,6
517,3,2,2,,0,,,,0,5
519,0,1,4,,1,,,,0,0
521,1,0,4,,0,,,,1,1
522,1,0,6,,0,,,,1,1
524,1,0,5,,1,,,,1,1
528,1,0,7,,1,,,,1,2
530,1,1,13,,1,,,,0,2
531,0,0,3,,0,,,,1,0
533,2,0,4,,2,,,,2,3
540,0,0,4,,0,,,,2,0
541,1,0,0,,0,,,,1,1
542,0,0,1,,0,,,,0,0
543,0,1,4,,0,,,,0,0
545,0,2,2,,0,,,,0,0
554,0,1,4,,0,,,,0,0
560,1,0,0,,1,,,,0,1
561,2,3,2,,2,,,,1,4
562,3,0,1,,1,,,1,1,3
563,2,1,4,,1,,,,1,2
565,3,1,1,,2,,,1,0,6
567,2,0,2,,0,,,1,0,2
568,0,0,0,,0,,,,0,0
576,0,0,0,,1,,,,0,0
580,1,2,2,,0,,,,1,2
586,1,1,3,,1,,,,0,1
591,1,0,0,,1,,,,1,1
592,1,1,3,,0,,,,2,1
594,1,1,3,,1,,,,0,2
597,1,1,1,,0,,,2,2,2
601,0,0,1,,1,,,,1,0
604,0,0,0,,0,,,,1,0
611,0,0,4,,0,,,,0,0
614,3,2,0,,0,,,,2,4
618,0,0,0,,0,,,,1,0
619,0,1,4,,2,,,,1,0
624,0,2,7,,1,,,,1,0
627,2,0,3,,0,,,,0,2
628,0,0,2,,0,,,,0,0
632,1,0,0,,1,,,,1,1
634,0,0,5,,0,,,,4,0
638,0,0,4,,1,,,,0,0
640,1,2,3,,0,,,,0,1
642,1,5,3,,0,,,,1,4
643,0,1,5,,0,,,,2,0
646,0,1,3,,0,,,,1,0
656,1,1,4,,3,,,1,2,2
661,0,0,1,,0,,,1,0,0
663,2,0,2,,0,,1,,0,2
669,1,1,2,,1,,,,0,1
676,1,0,0,,0,,,,1,5
677,0,2,6,,0,,,,1,0
679,0,0,0,,0,,,1,0,0
680,0,2,8,,0,,,,0,0
683,0,0,4,,0,,,,0,0
684,0,0,2,,1,,,,3,0
685,0,0,1,,0,,,,0,0
688,0,0,8,,1,,1,,1,0
689,4,6,4,,4,,,,0,5
697,3,0,2,,0,,,,2,4
699,0,0,0,,0,,,1,0,0
704,0,0,2,,0,,,,2,0
707,5,2,4,,0,,,1,3,5
708,0,0,0,,0,,,,0,0
713,0,0,2,,0,,,,1,0
719,1,1,7,,0,,,,2,1
720,1,1,3,,0,,,,1,3
721,1,2,1,,0,,,,1,1
723,0,0,1,,3,,,,2,0
724,3,2,3,,2,,,,0,4
725,0,0,0,,0,,,,1,0
726,0,0,1,,0,,,,0,0
733,0,0,0,,0,,,,0,0
745,3,0,4,,0,,,,0,3
747,1,2,1,,0,,,,8,1
748,1,0,0,,0,,,,2,1
749,0,2,1,,0,,,,0,0
752,2,1,1,,0,,,,0,3
756,0,1,3,,0,,,,0,0
761,1,1,2,,0,,,,0,1
763,0,1,1,,0,,,,4,0
765,0,0,2,,0,,,,1,0
766,1,0,0,,1,,1,,0,1
769,0,1,1,,0,,,1,3,0
772,1,1,0,,1,,,,0,1
774,0,1,1,,0,,,,0,0
781,2,0,1,,1,,,,2,2
782,0,1,0,,1,,,,1,0
785,0,0,4,,0,,,,1,0
788,1,1,4,,1,,,,0,1
790,0,0,3,,1,,,,2,0
793,0,0,0,,0,,,,0,0
796,0,0,0,,0,,,,0,0
797,0,0,0,,0,,,,2,0
802,0,1,8,,0,,,,1,0
804,0,0,7,,1,,,,1,0
805,3,0,2,,0,,,1,0,5
808,3,2,6,,2,,,,4,4
811,0,1,6,,2,,,,4,0
819,1,0,1,,1,,,1,0,1
821,1,2,4,,0,,,,0,1
824,2,0,2,,0,,,,1,3
825,0,0,5,,0,,,,1,0
828,0,2,3,,0,,,,1,0
830,0,1,5,,1,,,1,0,0
831,1,3,2,,1,,,,0,1
836,0,0,0,,1,,,,0,0
838,0,0,6,,0,,,,0,0
839,0,0,2,,0,,,,0,0
840,1,0,4,,0,,,,2,1
841,3,1,5,,2,,,,2,5
848,2,0,5,,3,,,,0,2
853,1,0,2,,0,,,,0,1
856,0,0,1,,0,,,,0,0
859,2,0,2,,1,,,,0,2
861,0,0,9,,0,,,,1,0
863,0,1,3,,0,,,,2,0
868,3,2,3,,3,,,1,2,6
869,0,1,8,,0,,,,0,0
875,0,1,3,,0,,,,1,0
877,0,0,0,,0,,,,2,0
882,1,1,5,,0,,,,1,1
883,0,0,4,,1,1,,1,0,0
885,1,0,1,,0,,,,0,1
892,2,0,2,,3,,,,0,4
893,1,1,9,,1,,,,1,1
900,0,0,2,,0,,,,1,0
902,0,2,3,,0,,,,0,0
903,2,2,2,,1,,,1,0,3
905,2,0,0,,0,,,,0,2
908,2,0,1,,1,,,,1,2
910,0,0,3,,0,,,,2,0
917,0,1,2,,1,,,1,0,0
920,0,2,3,,0,,,,0,0
924,0,1,1,,0,,,,0,0
925,1,0,1,,0,,,,0,2
927,0,2,5,,0,,,,1,0
928,0,0,2,,0,,,,0,0
929,0,0,1,,1,,,2,0,0
937,0,0,3,,0,,,,1,0
944,0,1,1,,0,,,,1,0
946,1,0,5,,3,,,,1,2
948,1,0,2,,2,,,,0,1
949,1,0,2,,0,,,,3,1
953,0,0,7,,0,,,,1,0
958,0,1,5,,0,,,,1,0
960,0,1,1,,1,,,,2,0
961,0,1,6,,0,,,,1,0
969,0,1,6,,0,,,,0,0
973,1,0,2,,0,,1,1,0,2
975,1,0,1,,0,,,,0,1
978,1,1,1,,3,,,,1,3
980,0,0,1,,0,,,,0,0
985,1,0,5,,0,,,,0,1
987,1,0,1,,1,,,,1,1
992,1,1,3,,0,,,,0,2
996,2,0,4,,1,,,,2,2
997,4,2,2,,5,,,,6,6
998,1,5,7,,0,,,,0,1
1008,1,1,1,,0,,,1,0,1
1009,0,0,2,,0,,,,1,0
1012,1,0,4,,0,,,,0,1
1014,0,0,0,,0,,,,1,0
1015,0,0,0,,0,,,,1,0
1018,1,1,4,,1,,,,0,2
1019,0,1,1,,1,,,,2,0
1028,0,0,8,,0,,,,1,0
1029,0,1,4,,0,,,,1,0
1030,1,3,2,,0,,,1,0,2
1035,0,0,2,,0,,,,0,0
1040,0,3,0,,0,,,,0,0
1041,1,1,8,,0,,,,1,1
1043,1,2,1,,1,,,,1,2
1050,0,1,2,,0,,,,1,0
1055,0,0,4,,0,,,,0,0
1056,1,0,2,,0,,,,0,1
1058,0,0,3,,0,,,,0,0
1059,0,1,6,,1,,,,1,0
1060,0,1,4,,0,,,,0,0
1061,0,0,1,,0,,,,0,0
1063,0,1,12,,1,,,,1,0
1066,2,0,2,,1,,,,0,2
1074,2,0,3,,1,,,,0,2
1077,2,1,3,,0,,,1,1,2
1080,2,1,7,,1,,,1,3,2
1090,0,1,3,,0,,1,,2,0
1095,1,3,7,,1,,,,0,1
1097,1,0,1,,0,,,,0,1
1098,1,1,1,,0,,,,2,1
1100,0,0,0,,0,,,,1,0
1101,2,1,4,,2,,,,0,4
1109,0,1,2,,0,,,,4,0
1110,1,1,2,,2,,,,1,1
1118,0,1,1,,0,,,,0,0
1119,1,0,5,,0,,,,2,1
1121,0,0,0,,0,,,,1,0
1122,2,0,5,,0,,,,2,2
1125,2,3,3,,4,,,,2,2
1128,1,1,4,,1,,,,4,1
1129,0,1,2,,0,,,,1,0
1138,1,0,1,,0,,,,0,5
1141,2,1,2,,1,,,,1,2
1143,2,2,1,,2,,,,2,2
1144,2,0,2,,0,,,,2,3
1147,1,2,6,,0,,,,1,2
1148,0,0,0,,0,,,,0,0
1153,0,0,0,,1,,,,0,0
1155,2,0,9,,0,,,,0,2
1160,5,0,3,,1,,,,0,5
1167,0,2,3,,0,,,,2,0
1168,0,0,9,,1,,,,0,0
1174,2,1,2,,0,,,,2,2
1177,0,0,1,,1,,,,0,0
1178,1,0,2,,0,,,,0,1
1184,1,0,7,,1,,,,0,1
1185,2,0,0,,2,,,,2,2
1188,0,2,0,,0,,,,2,0
1191,0,0,0,,0,,,,1,0
1194,1,2,2,,0,,,,2,1
1200,2,1,7,,1,,,,3,3
1201,1,0,0,,1,,,,1,1
1203,3,1,5,,3,,,,0,6
1205,1,3,1,,2,,,,1,2
1207,0,0,3,,0,,,,0,0
1210,0,0,1,,0,,,,0,0
1213,0,0,3,,0,,,,0,0
1221,0,0,5,,0,,,,0,0
1225,0,0,4,,1,,,1,0,0
1229,2,3,0,,0,,,,4,3
1231,2,1,0,,1,,,,0,3
1237,0,1,1,,1,,,,0,0
1240,1,0,2,,0,,,,0,1
1241,1,0,6,,0,,,,0,3
1243,3,1,3,,0,,,,1,6
1249,2,0,2,,2,,,,2,2
1253,0,2,4,,2,,,1,2,0
1255,0,1,6,,0,,1,,1,0
1257,0,0,1,,1,,,,2,0
1261,1,0,4,,0,,,,1,1
1262,0,3,3,,5,,,,4,0
1273,3,1,3,,1,,,,0,4
1274,0,0,2,,0,,,,1,0
1279,0,2,5,,0,,,,2,0
1282,1,1,3,,1,,,,1,1
1287,1,2,2,,1,,,,3,1
1294,3,2,1,,0,,,,0,3
1297,1,0,4,,0,,,,2,1
1300,3,3,1,,1,,,,1,3
1307,0,2,2,,1,,,,2,0
1309,0,0,3,,0,,,,0,0
1312,1,2,7,,0,,,,1,1
1313,0,0,0,,1,,,,0,0
1314,0,1,0,,0,,,,0,0
1317,3,0,6,,0,,,,0,3
1321,1,5,5,,0,,,,2,1
1324,1,0,1,,0,,,,1,1
1328,0,2,0,,1,,,,2,0
1331,1,1,1,,0,,,,0,1
1332,0,1,4,,0,,,,0,0
1333,0,0,0,,0,,,,0,0
1335,0,2,1,,2,,,,2,0
1336,1,0,2,,0,,,,0,1
1338,0,3,6,,1,,,,1,0
1340,3,0,2,,0,,,1,2,3
1345,1,1,0,,0,,,,2,4
1352,1,3,5,,1,,,,2,3
1353,1,1,1,,1,,,,1,2
1356,1,3,6,,0,,,1,4,2
1357,0,1,0,,0,,,,0,0
1358,1,3,2,,1,,,,1,2
1359,0,0,0,,0,,,,0,0
1367,0,1,1,,0,,,,0,0
1369,0,0,5,,0,,,,2,0
1371,1,1,2,,0,,,1,0,1
1377,0,1,7,,1,,,,1,0
1383,1,2,2,,0,,,1,0,1
1385,3,0,6,,0,,,,2,5
1390,0,2,2,,0,,,,0,0
1393,3,0,2,,2,,,,0,3
1400,0,0,4,,1,,,,1,0
1408,0,2,9,,0,,,,0,0
1409,0,1,12,,0,,,,2,0
1410,0,0,2,,1,,,,0,0
1413,0,3,6,,0,,,,2,0
1416,0,0,0,,0,,,,0,0
1421,1,0,2,,0,,,1,1,1
1424,3,1,3,,1,,,,0,4
1425,0,0,2,,0,,,,0,0
1429,2,0,2,,1,,,,4,2
1430,1,0,3,,0,,,,0,2
1434,1,4,2,,0,,,,2,1
1435,1,1,2,,2,,,,3,1
1439,3,1,1,,0,,,,1,3
1441,0,0,1,,0,,,,0,0
1442,0,2,5,,0,,,,0,0
1448,1,1,0,,0,,,,0,1
1453,1,0,2,,2,,,,3,1
1458,0,0,0,,0,,,,0,0
1460,3,2,4,,3,,,,3,3
1465,2,0,4,,2,,,,3,3
1469,1,0,1,,1,,,,1,3
1472,0,1,5,,0,,,,0,0
1474,2,2,2,,2,,,,1,4
1475,0,0,2,,1,,,,0,0
1476,2,0,9,,0,,,,1,2
1484,2,1,1,,0,,,,2,3
1488,0,0,2,,0,,,,2,0
1490,1,1,4,,0,,,,1,3
1492,0,1,0,,0,,,1,1,0
1493,0,1,1,,1,,,,0,0
1495,1,0,3,,0,,,,0,1
1500,0,0,0,,0,,,,0,0
1503,2,1,5,,0,,,,1,3
1508,1,1,3,,0,,,,1,1
1511,0,1,2,,0,,1,,5,0
1512,0,1,2,,0,,,,2,0
1516,1,1,2,,1,,,,2,2
1519,1,1,0,,0,,,1,0,3
1523,0,0,0,,0,,,,0,0
1532,3,1,2,,1,,,,4,3
1536,0,0,5,,0,,,,0,0
1538,0,0,2,,1,,,,1,0
1540,2,1,3,,1,,,,2,3
1541,2,0,1,,1,,,,1,2
1542,2,1,7,,0,,,,1,4
1545,1,1,1,,0,,,,1,1
1551,3,0,3,,1,,,,0,3
1553,1,0,2,,0,,,,0,1
1555,0,0,0,,0,,,,0,0
1556,0,0,3,,0,,,,0,0
1558,1,0,2,,0,,,,2,2
1563,0,0,1,,0,,,,0,0
1564,0,0,0,,4,,,,1,0
1569,2,1,0,,0,,,,1,2
1573,0,0,0,,0,,,,0,0
1575,1,0,2,,0,,,,0,2
1579,3,2,4,,1,,,,0,4
1580,2,4,0,,0,,,1,2,2
1581,1,0,3,,0,,,,1,1
1585,2,0,5,,0,,,,0,4
1589,0,1,0,,1,,,1,1,0
1595,3,1,0,,2,,,,0,5
1599,1,2,1,,0,,,,2,3
1602,0,1,6,,0,,,,0,0
1605,1,1,2,,0,,,,0,2
1606,1,1,2,,1,,,1,2,1
1607,0,1,1,,0,,,,2,0
1609,0,0,0,,0,,,,1,0
1610,0,1,1,,0,,,,2,0
1611,3,0,2,,0,,,,1,3
1615,0,1,2,,0,,,,0,0
1620,0,2,0,,0,,1,1,1,0
1621,1,0,7,,0,,,,0,2
1622,0,0,1,,0,,,,0,0
1625,1,0,0,,0,,,,0,1
1627,2,0,0,,1,,,,0,2
1629,0,0,3,,2,,,,0,0
1631,2,1,1,,0,,,,0,2
1640,0,0,0,,1,,,1,0,0
1643,3,2,2,,1,,,,1,4
1647,2,1,2,,2,,,,3,3
1650,0,2,3,,1,,,,0,0
1651,3,0,3,,0,,,,0,5
1653,0,0,0,,1,,,,0,0
1662,2,0,2,,1,,,,2,5
1663,1,0,4,,0,,,,1,1
1668,2,1,4,,1,,,,0,2
1672,1,2,3,,0,,,,3,1
1675,0,1,3,,0,,,,0,0
1676,1,1,7,,0,,,,0,2
1684,0,1,1,,0,,,,1,0
1688,0,0,0,,0,,,,0,0
1692,1,0,5,,0,,,,1,1
1693,1,0,1,,2,,,,0,4
1696,0,0,8,,2,,,,0,0
1697,1,0,2,,0,,,1,0,3
1704,1,0,5,,1,,,,2,2
1705,0,1,2,,1,,,1,2,0
1707,2,2,1,,1,,,,1,2
1708,0,1,5,,0,,,,1,0
1710,1,3,3,,1,,,,2,2
1712,0,1,2,,0,,,,0,0
1717,1,0,0,,0,,,,0,1
1721,1,2,0,,1,,,,2,1
1722,1,1,4,,0,,,,0,1
1725,1,0,6,,0,,,,4,1
1726,0,1,4,,1,,,,1,0
1729,3,0,3,,1,,,,1,4
1731,0,0,1,,0,,,,0,0
1737,0,0,1,,0,,,,0,0
1742,2,1,5,,0,,,1,2,2
1743,1,3,3,,1,,,,0,1
1747,0,0,1,,0,,,,0,0
1750,0,0,0,,0,,,,0,0
1754,0,0,0,,0,,,,0,0
1756,0,0,4,,0,,,,1,0
1760,0,3,4,,1,,,,0,0
1761,0,1,6,,2,,,,2,0
1764,0,0,7,,0,,,,2,0
1769,0,2,2,,0,,,,1,0
1773,1,1,0,,2,,,,1,1
1777,0,0,6,,0,,,,0,0
1781,1,0,4,,0,,,,1,3
1782,0,0,0,,1,,,,0,0
1784,0,1,4,,0,,,,0,0
1788,3,1,2,,1,,,,3,4
1796,1,2,6,,3,,,,2,1
1799,0,2,3,,0,,,,0,0
1803,1,2,0,,0,,,,0,1
1804,0,0,0,,0,,,,0,0
1805,1,3,2,,0,,,,1,1
1806,1,1,4,,0,,,,3,2
1807,0,3,3,,0,,,,1,0
1808,2,0,1,,2,,,1,0,4
1815,0,0,5,,0,,,,0,0
1818,3,3,6,,0,,,1,1,3
1819,0,0,3,,2,,,,2,0
1822,0,0,0,,0,,,,0,0
1823,0,0,13,,1,,,,2,0
1826,0,0,0,,0,,,,0,0
1836,2,0,1,,0,,,,0,4
1838,0,0,3,,1,,,,1,0
1839,1,4,7,,0,,,,2,1
1849,1,0,1,,1,,,,1,4
1852,0,0,4,,0,,,,0,0
1853,0,1,0,,0,,,1,1,0
1854,0,0,0,,0,,,,2,0
1855,2,0,5,,0,,,,0,2
1856,4,2,10,,0,,,,1,5
1857,4,0,5,,1,,,,1,4
1859,0,2,2,,0,,,,0,0
1864,1,1,6,,1,,,1,2,2
1871,3,0,0,,0,,,,0,4
1872,1,2,3,,1,,,,2,3
1874,0,1,3,,0,,,,0,0
1878,1,0,1,,1,,,,3,2
1882,0,0,1,,0,,,,0,0
1883,2,0,6,,0,,,,0,3
1888,0,0,1,,0,,,,0,0
1890,0,1,1,,0,,,,0,0
1894,3,2,8,,0,,,,0,4
1897,0,0,2,,0,,,,2,0
1902,1,0,0,,0,,,,3,1
1908,0,0,7,,0,,,,2,0
1913,2,0,2,,0,,,,4,2
1914,3,1,4,,0,,,,4,3
1915,0,1,2,,0,,,,2,0
1918,1,0,4,,1,,,,2,4
1927,1,1,5,,0,,,,0,1
1928,1,0,1,,0,,,,1,2
1929,1,1,0,,1,,,,0,2
1931,2,2,5,,1,,,,0,4
1934,0,0,2,,0,,,,0,0
1935,3,2,1,,0,,,,0,4
1936,0,0,0,,0,,,,0,0
1937,2,0,3,,0,,,,2,2
1939,0,0,0,,0,,,,0,0
1940,0,0,0,,0,,,,0,0
1941,1,2,0,,1,,,,1,1
1942,2,3,0,,2,,,,2,4
1948,0,1,1,,0,,,,0,0
1958,1,0,3,,0,,,,1,1
1961,0,1,0,,0,,,,0,0
1964,0,1,3,,0,,,,1,0
1970,0,0,8,,1,,,,2,0
1972,1,0,0,,0,,,,3,1
1975,1,1,1,,0,,,1,1,1
1977,1,0,0,,0,,,,1,1
1980,0,1,5,,1,,,1,3,0
1985,0,0,1,,0,,,1,0,0
1992,1,1,3,,1,,,,1,2
1994,1,1,5,,1,,,,1,1
1995,0,3,7,,0,,,,0,0
2003,1,1,2,,1,,,,1,1
2004,1,1,2,,1,,,,0,1
2009,3,0,0,,0,,,,0,5
2014,2,0,9,,0,,,,1,2
2015,0,1,3,,1,,,,0,0
2017,0,0,2,,1,,,,2,0
2021,0,0,3,,0,,,,0,0
2025,0,2,2,,1,,,,1,0
2026,0,1,3,,0,,,,0,0
2029,0,0,0,,0,,,,0,0
2035,0,1,2,,1,,,,0,0
2038,0,0,1,,0,,,,3,0
2039,2,0,9,,1,,,,1,3
2040,1,0,7,,1,,,,0,2
2042,1,0,11,,0,,,,0,1
2047,4,1,7,,0,,,,3,4
2048,1,2,2,,0,,,,0,1
2049,1,0,6,,0,,,,1,2
2052,2,0,4,,2,,,,1,3
2056,0,0,1,,0,,,,0,0
2060,0,1,0,,2,,,,2,0
2065,1,1,8,,0,,,,1,1
2066,0,4,5,,0,,,,4,0
2067,0,1,1,,0,,,,1,0
2069,1,0,0,,0,,,1,0,1
2072,2,2,9,,0,,,1,1,2
2073,0,0,5,,0,,,,0,0
2082,3,3,2,,0,,,,2,4
2083,1,1,7,,0,,,,1,2
2085,2,1,3,,2,,,,0,2
2095,0,2,4,,1,,,,1,0
2099,0,1,10,,1,,,,3,0
2101,2,1,5,,0,,,,1,4
2102,1,0,4,,0,,,,1,1
2103,2,1,1,,4,,,1,1,3
2105,0,0,0,,0,,,,0,0
2106,2,1,4,,0,,,,0,2
2110,3,0,2,,0,,,1,2,3
2114,1,0,1,,1,,,,1,1
2117,0,1,0,,0,,,,0,0
2118,1,0,5,,2,,,,1,2
2121,0,2,5,,1,,1,,1,0
2122,0,1,4,,0,,,,1,0
2124,2,1,4,,3,,,,0,2
2131,0,0,1,,0,,,,0,0
2133,0,0,0,,0,,,,2,0
2138,1,1,1,,0,,,,3,1
2139,0,2,8,,0,,,,1,0
2141,1,0,6,,0,,1,,2,4
2142,3,1,3,,2,,,,1,5
2144,0,0,1,,1,,,,0,0
2149,0,0,1,,0,,,,0,0
2158,0,0,2,,0,,,,0,0
2159,1,0,2,,0,,,,1,2
2163,0,0,2,,0,,,1,2,0
2164,0,3,1,,1,,,,2,0
2165,1,0,0,,2,,,,0,1
2168,1,0,2,,2,,,,1,1
2170,0,0,3,,0,,,,0,0
2172,1,0,1,,1,,,,0,2
2176,0,1,6,,0,,,,3,0
2177,2,0,1,,0,,,,1,2
2178,1,0,0,,0,,,,1,2
2179,0,1,2,,0,,,,0,0
2180,1,3,2,,2,,,,0,1
2181,1,0,3,,0,,,,2,4
2182,0,0,1,,0,,,,0,0
2183,0,0,1,,0,,,,2,0
2193,0,0,0,,0,,,,0,0
2195,1,2,4,,0,,,,1,1
2198,0,0,0,,0,,,,0,0
2199,2,1,0,,1,,1,,0,2
2200,1,1,4,,1,,,,1,1
2205,0,0,1,,0,,,,3,0
2211,2,1,1,,0,,,,0,3
2215,0,0,3,,0,,,,0,0
2218,1,0,0,,1,,,,0,1
2219,0,0,1,,0,,,,0,0
2220,2,0,0,,0,,,,0,2
2228,1,0,5,,0,,,,1,1
2231,0,1,1,,1,,,,0,0
2232,0,1,0,,1,,,,1,0
2233,1,0,3,,1,,,,1,1
2237,0,0,0,,0,,,,0,0
2241,4,3,1,,4,,,1,1,6
2243,1,0,0,,0,,,,0,1
2246,0,0,1,,1,,,1,2,0
2247,0,0,0,,0,,,,0,0
2254,3,1,1,,0,,,,0,3
2262,1,1,5,,0,,,,1,3
2263,1,2,6,,0,,,,1,2
2264,1,0,4,,0,,,,1,1
2266,0,0,2,,0,,,,1,0
2267,0,0,5,,0,,,,1,0
2271,0,1,4,,0,,,1,0,0
2272,1,0,5,,0,,,,1,1
2275,0,0,0,,1,,,,0,0
2284,0,0,5,,0,,1,,1,0
2285,2,1,1,,0,,,,2,6
2286,0,0,8,,0,,,,1,0
2287,0,0,0,,0,,,,0,0
2289,1,1,3,,0,,,,4,1
2296,1,0,5,,0,,,,1,1
2300,4,1,1,,0,,,,4,7
2301,1,2,2,,1,,,2,1,1
2303,0,0,0,,0,,,,0,0
2305,2,3,4,,2,,,,2,4
2308,1,1,3,,0,,,,0,2
2313,0,0,0,,0,,,,0,0
2316,1,0,2,,1,,,,2,1
2318,3,1,2,,1,,,,0,3
2319,2,2,6,,0,,,,2,2
2321,1,0,4,,0,,,,0,2
2323,0,1,1,,1,,,1,1,0
2326,2,1,8,,1,,,,0,5
2327,0,0,1,,0,,,,0,0
2334,0,0,4,,0,,,,0,0
2336,0,0,0,,0,,,,0,0
2337,0,0,3,,0,,,,0,0
2338,0,0,5,,0,,,,0,0
2339,1,1,1,,0,,,,0,1
2340,2,1,2,,1,,,,3,2
2347,0,1,7,,0,,,,2,0
2354,3,2,5,,1,,,,0,3
2360,2,1,2,,1,,,,1,3
2362,2,2,1,,0,,,1,0,3
2364,1,2,2,,0,,,1,0,1
2366,2,0,1,,0,,,,0,2
2370,0,3,5,,0,,,1,1,0
2377,1,1,4,,0,,,,0,1
2379,1,0,2,,0,,,,3,1
2381,1,1,1,,3,,,,0,3
2383,1,3,1,,1,,,,2,1
2385,1,2,1,,0,,,,4,2
2387,0,6,3,,0,,,,1,0
2391,1,0,2,,0,,,,0,1
2398,0,1,3,,0,,,,1,0
2400,0,1,1,,0,,,,0,0
2401,1,0,5,,0,,,,0,1
2404,0,1,0,,1,,,,0,0
2405,0,1,1,,0,,,,0,0
2406,0,1,5,,0,,,,1,0
2407,1,3,2,,1,,,,1,2
2409,0,1,0,,2,,,,0,0
2412,0,1,4,,2,,,,3,0
2424,0,0,5,,1,,,,0,0
2425,4,1,2,,0,,,,0,5
2427,2,0,1,,0,,,,1,2
2429,0,0,0,,1,,,1,1,0
2432,0,0,4,,0,,,,0,0
2433,0,2,4,,0,,,,1,0
2440,3,1,3,,0,,,,0,4
2441,0,1,0,,0,,,,2,0
2447,2,1,5,,1,,,,6,2
2449,1,0,2,,0,,,,0,1
2456,1,0,2,,0,,,,0,1
2461,1,0,8,,1,,,,0,1
2464,0,1,0,,2,,,,0,0
2465,0,0,1,,1,,,,0,0
2473,3,3,3,,0,,,,0,4
2476,0,0,2,,0,,,,1,0
2477,1,2,6,,1,,,,1,3
2479,1,6,4,,0,,1,,1,1
2480,4,1,2,,1,,,,3,4
2482,0,0,5,,1,,,,1,0
2483,1,0,6,,0,,,,1,1
2496,3,2,4,,0,,,,0,4
2502,1,0,1,,0,,,,0,2
2505,0,1,4,,0,,,,0,0
2509,0,3,4,,1,,,,2,0
2511,0,0,1,,0,,,,1,0
2512,2,0,2,,0,,,,0,2
2514,0,1,1,,0,,,,0,0
2523,0,0,7,,0,,,,1,0
2528,2,1,0,,0,,,,0,2
2536,2,2,3,,3,,,,3,2
2537,1,1,5,,0,,,,1,1
2538,3,0,0,,0,,,,1,3
2539,1,0,0,,0,,,,0,1
2540,1,0,2,,0,,,,0,1
2551,2,1,6,,0,,,,2,3
2553,1,0,0,,0,1,,,1,1
2557,1,0,6,,0,,,,2,2
2558,1,1,1,,1,,,,2,1
2562,0,0,1,,0,,,,0,0
2563,0,0,4,,1,,,,1,0
2566,3,0,2,,0,,1,,1,3
2567,0,1,10,,2,,,,0,0
2569,0,0,0,,1,,,,1,0
2572,1,2,1,,0,,,,0,1
2577,2,0,3,,0,,,,1,2
2578,1,0,0,,0,,,,0,2
2579,0,0,1,,1,,,1,1,0
2583,1,0,1,,0,,,,0,1
2584,0,0,2,,0,,,,0,0
2587,1,0,1,,0,,,,0,1
2588,0,0,0,,0,,,,0,0
2589,0,1,4,,0,,,,1,0
2590,0,1,2,,2,,,,0,0
2591,2,0,1,,0,,,,0,3
2592,0,0,1,,0,,,,0,0
2600,0,1,4,,0,,,,0,0
2601,1,0,2,,0,,,1,0,1
2604,1,2,1,,1,,,,1,2
2607,9,0,2,,0,,,,0,11
2611,1,0,0,,0,,,,0,3
2615,2,1,0,,1,,,,0,2
2617,0,1,3,,1,,,,1,0
2618,1,0,5,,0,1,,,1,1
2625,2,0,5,,0,,,,1,2
2626,1,1,2,,0,,,,0,1
2634,1,0,4,,1,,,,1,2
2637,1,4,6,,1,,,,1,1
2639,1,0,0,,0,,,,0,1
2640,0,1,5,,0,,,,1,0
2642,1,2,6,,0,,,,2,2
2644,2,0,2,,3,,,,1,2
2647,2,0,3,,0,,,,1,2
2653,0,1,2,,1,,,1,1,0
2661,0,0,3,,0,,,,1,0
2662,1,1,2,,0,,,,1,2
2665,0,2,2,,1,,,,1,0
2668,1,1,7,,0,,,,2,2
2669,1,0,5,,0,,,,1,6
2671,0,1,3,,1,,,,3,0
2672,0,2,4,,0,,,,2,0
2674,3,0,1,,1,,,,3,5
2675,0,0,1,,0,,,,0,0
2676,0,0,1,,0,,,,0,0
2681,1,1,5,,1,,,,1,1
2684,0,0,0,,0,,,,0,0
2689,1,2,2,,0,,,,0,2
2691,0,0,6,,1,,,,0,0
2695,2,1,5,,0,,,,0,4
2697,0,1,0,,0,,,,0,0
2699,0,1,0,,0,,1,,0,0
2700,0,0,0,,0,,,,1,0
2701,1,2,0,,1,,,,0,1
2702,0,1,1,,0,,,,1,0
2705,1,1,7,,0,,,,2,2
2708,1,0,7,,0,,,,1,1
2713,0,0,0,,0,,,,0,0
2715,2,1,2,,0,,,,0,3
2716,1,2,5,,1,,,,2,1
2719,0,0,3,,0,,,,0,0
2720,0,2,6,,0,,,,1,0
2724,0,0,0,,0,,,,1,0
2727,0,1,1,,0,,,,1,0
2734,2,1,2,,0,,,,2,2
2739,5,4,6,,0,,,,2,8
2743,1,1,3,,0,,,,2,1
2747,0,0,0,,0,,,,0,0
2748,3,2,0,,3,,,,0,4
2749,1,1,0,,1,,,,0,3
2752,2,0,0,,1,,,,1,2
2757,1,1,3,,1,,,1,0,1
2761,0,5,5,,1,,,,0,0
2764,1,3,6,,0,,,,3,2
2765,2,1,1,,0,,,,1,2
2766,2,0,6,,0,,,,0,2
2767,1,1,4,,0,,,,1,1
2769,1,0,0,,1,,,,1,1
2772,4,3,1,,0,,,,0,6
2779,0,0,5,,0,,,,1,0
2781,0,3,7,,0,,,,2,0
2782,0,0,2,,0,,,,0,0
2784,0,0,2,,0,,,,0,0
2796,1,2,6,,1,,,,3,2
2798,0,1,2,,0,,,,0,0
2799,0,0,1,,1,,,,0,0
2801,0,0,1,,0,,,1,0,0
2803,1,0,4,,1,,,,1,1
2810,0,0,2,,0,,,,1,0
2812,0,0,0,,0,,,,0,0
2818,3,0,6,,0,,,,2,3
2819,1,1,4,,0,,,,2,2
2821,4,2,0,,2,,,,1,7
2824,0,0,0,,0,,,,1,0
2830,0,2,3,,0,,,,1,0
2837,1,0,2,,2,,,,1,1
2839,0,0,2,,0,,,,1,0
2841,0,1,6,,0,,,,0,0
2843,0,0,6,,0,,,1,0,0
2847,0,3,0,,0,,,,0,0
2853,1,3,5,,1,,,,0,1
2854,0,1,1,,0,,,,3,0
2859,0,0,0,,0,,,,1,0
2861,2,3,5,,0,,,,1,3
2862,3,1,1,,4,,,,1,3
2864,1,2,2,,0,,,1,2,1
2865,0,0,0,,0,,,,0,0
2873,2,2,3,,0,,,,2,4
2876,1,0,2,,0,,,,0,1
2878,1,2,3,,0,,,,1,1
2880,0,1,5,,0,,,,0,0
2884,1,0,1,,0,,,,1,3
2887,0,1,0,,1,,,2,0,0
2895,1,0,3,,1,,,,1,1
2896,0,0,0,,0,,,,0,0
2901,0,0,0,,1,,,,0,0
2903,0,0,0,,0,,,,0,0
2905,0,0,0,,0,,,,0,0
2909,1,1,0,,0,,,,0,1
2910,0,2,7,,1,,,,0,0
2918,0,3,9,,0,,,,1,0
2923,1,1,1,,0,,,,0,1
2927,2,2,7,,1,,,,1,3
2929,0,0,2,,0,,,,0,0
2931,0,3,3,,0,,,,0,0
2932,0,1,5,,0,,,,1,0
2936,0,7,4,,0,,,,2,0
2939,1,4,7,,1,,,,1,1
2940,0,0,5,,0,,,,0,0
2941,1,2,7,,1,,,1,1,2
2942,1,0,2,,1,,,1,2,2
2948,2,0,4,,1,,,,1,2
2949,2,1,0,,2,,,,2,2
2956,0,0,0,,1,,,,0,0
2963,1,0,4,,0,,,,0,1
2965,1,0,0,,0,,,,0,2
2974,0,0,4,,0,,,,1,0
2977,1,0,0,,0,,,,2,2
2979,2,4,2,,0,,,,0,3
2980,2,1,1,,0,,,,0,2
2986,0,0,3,,0,,,,3,0
2987,1,1,1,,0,,,,0,1
2993,0,0,0,,0,,,,0,0
2995,2,3,4,,0,,,,1,2
2997,2,2,5,,0,,,2,5,5
2999,0,0,0,,0,,,,0,0
3008,3,2,3,,0,,,,0,4
3012,0,1,4,,0,,,,0,0
3013,0,1,6,,1,,,,0,0
3016,0,0,1,,0,,,,0,0
3017,1,0,0,,3,,,1,3,3
3023,1,1,0,,1,,,,0,2
3024,2,2,3,,0,,,,0,3
3026,0,2,9,,3,,,1,2,0
3027,1,2,4,,3,,,,0,3
3035,0,0,2,,0,,,,1,0
3038,0,0,3,,0,,,,1,0
3041,3,3,4,,2,,,,0,3
3045,0,0,9,,0,,,,1,0
3046,1,0,4,,1,,,1,1,3
3050,0,0,1,,0,,,,1,0
3052,0,0,2,,0,,,,0,0
3055,1,1,1,,1,,,,0,1
3056,2,0,6,,0,,,,3,2
3060,0,1,2,,0,,,,1,0
3061,1,0,7,,1,,,,1,2
3062,0,0,3,,0,,,,0,0
3063,3,0,1,,0,,,,0,4
3069,2,4,4,,0,,1,,2,2
3073,0,2,5,,0,,,,1,0
3077,2,6,1,,0,,,,2,2
3085,2,0,2,,1,,,,0,3
3091,0,2,6,,0,,,,1,0
3099,1,1,8,,0,,,,0,2
3101,0,1,3,,0,,,1,2,0
3103,0,1,2,,0,,,,1,0
3105,4,1,6,,1,,,,1,5
3106,1,1,3,,0,,,1,4,1
3107,1,1,3,,2,,,,1,1
3110,2,0,4,,0,,,,0,5
3112,0,0,4,,1,,,1,1,0
3119,1,0,1,,0,,,,4,2
3120,1,0,10,,1,,,,2,2
3121,1,3,3,,1,,,,1,1
3123,1,1,6,,0,,,,2,2
3125,0,3,2,,0,,,,1,0
3127,0,1,4,,1,,1,,1,0
3128,0,0,0,,0,,,,0,0
3129,0,2,2,,0,,,,1,0
3136,1,1,6,,0,,,,1,3
3138,2,3,2,,0,,,,1,3
3156,4,3,7,,2,,,,2,7
3158,0,0,7,,0,,,,2,0
3159,1,2,2,,1,,,,3,2
3165,1,4,5,,0,,,,0,1
3166,1,2,4,,0,,,,0,2
3172,3,0,2,,1,,,1,0,4
3175,0,0,9,,1,,1,,0,0
3178,1,1,2,,0,,,,0,2
3180,0,0,0,,0,,,,0,0
3181,1,1,4,,1,,,,0,4
3183,1,0,2,,2,,,1,3,1
3190,3,0,7,,0,,,,1,4
3194,0,1,0,,2,,,,1,0
3198,0,0,2,,0,,,,0,0
3200,1,0,0,,0,,,1,0,1
3203,2,6,1,,0,,,,0,2
3205,0,3,5,,0,,,,0,0
3207,0,3,8,,0,,,,0,0
3210,0,0,4,,0,,,,2,0
3212,0,0,0,,0,,,,0,0
3217,0,0,0,,0,,,,0,0
3222,1,1,2,,2,,,,2,1
3225,3,2,4,,0,,,1,1,3
3226,1,1,2,,0,,,1,2,1
3232,1,1,1,,1,,,,2,1
3235,1,0,0,,0,,,,1,1
3239,1,0,4,,1,,,,1,2
3240,0,1,5,,1,,,,2,0
3243,0,0,2,,0,,,,2,0
3245,0,0,0,,3,,,,2,0
3248,2,1,0,,1,,,,0,3
3252,1,1,5,,1,,,,2,3
3257,0,0,1,,0,,,,0,0
3264,1,0,1,,0,,,,0,1
3265,1,0,4,,1,1,1,,1,1
3267,3,0,3,,1,,,1,2,5
3269,1,0,2,,0,,,,0,1
3272,1,1,3,,0,,,,1,1
3274,1,0,2,,0,,,,0,2
3276,0,1,5,,0,,,,2,0
3283,2,1,0,,1,,,1,1,2
3284,2,3,7,,1,,,,1,3
3287,1,2,6,,1,,,,0,1
3288,0,2,2,,3,,,,1,0
3291,0,4,1,,5,,,1,3,0
3296,0,0,0,,0,,,,0,0
3298,0,1,0,,1,,,,0,0
3303,2,2,1,,0,,,,2,2
3304,1,0,2,,0,,,1,0,1
3308,0,0,0,,0,,,,1,0
3309,0,4,1,,0,,,,1,0
3310,2,1,1,,2,,,,0,3
3313,1,0,6,,0,,,,3,1
3316,0,1,6,,0,,,,0,0
3320,0,1,3,,0,,,,1,0
3330,3,2,3,,1,,,,1,4
3334,0,0,8,,0,,,,0,0
3335,0,0,3,,0,,,,0,0
3336,2,0,2,,2,,,,0,3
3338,1,0,0,,1,,,1,2,1
3339,0,0,6,,1,,,,2,0
3343,0,1,2,,0,,,,2,0
3348,0,0,2,,1,,,,2,0
3351,2,4,1,,2,,,,1,2
3352,0,2,12,,0,,,,0,0
3355,1,0,1,,1,,,1,1,1
3357,2,1,1,,1,,,,2,2
3358,1,2,4,,2,,,1,1,2
3360,0,0,4,,0,,,,1,0
3365,0,1,0,,0,,,,0,0
3372,1,1,3,,0,,,,0,2
3375,0,2,6,,0,,,,0,0
3380,2,0,4,,0,,,,0,2
3381,0,0,4,,0,,,,0,0
3382,1,1,0,,0,1,,,0,2
3384,1,2,3,,0,,,,3,1
3385,1,0,1,,2,,,,1,3
3387,3,2,5,,1,,,,4,4
3399,0,0,0,,0,,,,0,0
3400,1,1,9,,2,,,,1,1
3403,0,0,3,,0,,,,0,0
3404,0,3,2,,1,,,,2,0
3407,1,1,4,,0,,,,0,1
3414,2,2,0,,0,,,1,1,3
3415,0,0,2,,1,,,,2,0
3416,0,0,7,,0,,,,1,0
3418,2,4,4,,0,,,,1,2
3421,1,0,1,,3,,1,,0,1
3429,0,1,2,,1,,,,0,0
3430,0,2,4,,0,,,,1,0
3431,1,1,6,,0,,,,2,2
3432,2,1,1,,1,,,,1,2
3439,3,1,1,,1,,,,0,3
3447,1,1,1,,0,,,,4,1
3450,0,0,1,,1,,,,1,0
3451,0,0,2,,0,,,,1,0
3454,1,0,2,,0,,,1,1,1
3457,1,1,4,,0,,,,0,1
3460,0,0,1,,0,,,,0,0
3461,0,0,0,,0,,,,0,0
3463,3,2,3,,0,,,,0,4
3465,4,1,8,,2,,,1,1,7
3466,0,0,0,,1,,,,2,0
3470,0,0,1,,1,,,,1,0
3473,0,2,9,,0,,,,4,0
3478,0,0,3,,1,,,,2,0
3480,0,0,2,,0,,,,0,0
3481,1,3,8,,0,,,,1,3
3484,2,0,0,,0,,,,0,4
3485,1,0,0,,0,,,,0,1
3486,4,1,5,,1,,,,0,5
3488,1,0,0,,0,,,1,1,1
3495,1,0,4,,0,,,,1,1
3496,0,1,7,,0,,,,1,0
3498,2,1,0,,0,,,,3,3
3499,1,2,1,,0,,,,0,1
3505,2,0,4,,0,,,1,2,3
3509,3,2,2,,0,,,,4,3
3514,1,1,1,,0,,,,0,1
3515,0,2,0,,0,,,1,0,0
3520,1,2,0,,1,,,,1,3
3521,2,0,7,,0,,,,0,2
3522,0,1,5,,1,,,,2,0
3523,1,1,0,,1,,,,0,1
3530,1,2,2,,1,,,,4,2
3531,0,0,6,,0,,,,0,0
3536,3,4,3,,1,,,,1,4
3539,0,0,7,,0,,,,0,0
3540,1,0,2,,0,,,,0,1
3541,1,1,0,,0,,,1,0,1
3545,0,0,2,,0,,,,0,0
3546,1,0,2,,1,,1,,0,3
3547,5,1,0,,1,,,,2,6
3551,0,0,0,,0,,,,0,0
3558,2,2,5,,0,,,,0,3
3564,0,0,5,,0,,,,0,0
3565,0,0,1,,0,,,,1,0
3566,0,0,0,,1,,,,1,0
3571,1,1,2,,1,,,1,0,1
3572,2,3,0,,1,,,,3,4
3574,4,0,2,,2,,,1,1,4
3576,0,1,3,,1,,,,1,0
3578,0,0,3,,0,,,,1,0
3580,1,4,3,,2,,,,0,1
3582,0,0,3,,0,,,,1,0
3583,0,0,0,,0,,,,0,0
3588,1,0,0,,0,,,,1,1
3589,0,1,3,,1,,,,0,0
3591,0,0,4,,0,,,,2,0
3592,0,0,4,,1,,,,2,0
3596,1,2,5,,0,,1,,2,2
3606,1,3,2,,0,,,,3,1
3609,1,0,4,,1,,,,1,2
3610,3,2,3,,2,,,,2,6
3614,0,1,2,,1,,,,0,0
3615,1,0,3,,1,,,,0,1
3623,2,0,9,,0,,,,0,2
3624,1,0,2,,3,,,,1,1
3625,1,0,0,,0,,,,1,1
3628,0,0,0,,0,,,,1,0
3629,0,0,0,,0,,,,0,0
3632,3,1,3,,1,,,,0,3
3638,1,2,4,,0,,,,2,2
3640,4,1,6,,0,,,,4,4
3643,0,1,1,,1,,,,1,0
3648,1,1,10,,1,,,,0,2
3650,1,3,7,,0,,,,0,3
3655,0,0,0,,0,,,,0,0
3656,2,1,5,,1,,,,0,2
3660,0,1,0,,6,,,,0,0
3661,0,0,1,,0,,,,0,0
3662,0,1,6,,0,,,1,1,0
3663,0,0,0,,1,,,,2,0
3675,0,0,1,,0,,,,2,0
3676,3,0,0,,0,,,,0,3
3677,1,2,4,,2,,,,1,1
3682,1,2,2,,0,,,,1,2
3684,1,1,4,,0,,,,3,1
3685,0,0,0,,0,,,,0,0
3686,1,2,5,,0,,,,1,1
3687,2,0,4,,1,,,,3,3
3693,1,0,1,,0,,,,0,1
3697,1,1,11,,0,,,,0,1
3698,0,0,6,,2,,,,3,0
3701,0,0,0,,0,,,,0,0
3704,0,0,3,,0,,,,0,0
3706,0,0,6,,0,,,,2,0
3707,1,0,2,,0,1,,,1,1
3712,1,1,2,,2,,,,2,1
3718,0,0,4,,0,,,,1,0
3719,1,0,1,,0,,,,0,1
3720,1,1,1,,0,,,,2,1
3724,0,0,6,,0,,,,1,0
3728,1,0,0,,1,,,,3,2
3735,2,0,2,,0,,,,0,4
3737,0,0,1,,0,,,,0,0
3738,0,0,0,,0,,,,0,0
3739,1,1,0,,1,,,1,0,2
3741,2,2,3,,0,,,1,0,2
3750,2,0,5,,0,,,,0,2
3751,0,1,4,,0,,,,1,0
3752,1,3,3,,0,,,,0,1
3753,3,1,4,,2,,,,0,4
3757,1,0,3,,1,,,,0,2
3758,1,0,1,,0,,,,0,1
3761,0,0,4,,0,,,,2,0
3766,0,0,1,,0,,,,0,0
3779,0,2,6,,0,,,,2,0
3781,0,1,1,,0,,,,0,0
3782,1,1,2,,0,,,1,1,1
3785,2,0,2,,1,,,,0,4
3788,1,0,3,,0,,,,4,2
3790,2,1,0,,0,,,,2,3
3796,1,2,8,,0,,,,3,1
3800,3,0,5,,0,,,,2,4
3801,0,0,4,,1,,,,2,0
3803,1,0,4,,1,,,,2,1
3804,0,1,2,,1,1,,,0,0
3814,0,1,1,,0,,,,2,0
3815,2,0,1,,0,,,,1,3
3816,3,2,4,,0,,,,0,3
3817,0,0,0,,0,,,,0,0
3819,0,1,0,,0,,,,0,0
3823,1,0,1,,2,,,1,2,1
3827,2,0,1,,0,,,,1,2
3828,0,2,3,,1,,,,2,0
3832,0,1,0,,1,,,1,2,0
3833,0,0,2,,0,,,,2,0
3838,3,2,3,,0,,,,0,3
3840,1,2,4,,1,,,,1,1
3841,0,1,4,,0,,,,1,0
3842,1,3,8,,0,,,,2,1
3846,1,1,8,,1,,,,0,1
3854,0,2,2,,0,,,,1,0
3855,2,0,3,,1,,,,3,2
3857,0,0,1,,0,,,,0,0
3859,0,1,0,,1,,1,,1,0
3861,2,0,1,,1,,,,1,4
3862,2,1,3,,0,,1,,1,3
3863,0,2,4,,0,,,,0,0
3864,0,2,7,,1,,,,0,0
3865,2,0,2,,0,,,,0,2
3868,0,0,0,,1,,,,2,0
3875,0,2,1,,2,,,,0,0
3876,0,0,0,,0,,,,0,0
3877,0,1,3,,1,,,1,1,0
3880,0,0,0,,0,,,,0,0
3882,1,1,5,,2,,,,0,1
3893,1,0,1,,0,,,1,0,1
3895,4,2,1,,2,,,,0,5
3903,1,1,4,,0,,,,2,1
3904,1,2,3,,0,,,,1,1
3908,2,0,11,,1,,,,0,2
3909,0,0,0,,0,,,,0,0
3911,3,0,5,,1,,,,1,5
3913,0,0,1,,0,,,,0,0
3914,1,2,2,,1,,,,1,1
3917,1,4,2,,1,,,1,1,1
3918,1,2,4,,0,,,,0,1
3926,1,2,5,,0,,,,2,1
3927,2,0,6,,0,,,,0,3
3928,0,0,0,,0,,,,0,0
3929,0,0,4,,0,,,,0,0
3933,0,0,0,,0,,,,0,0
3934,0,2,0,,0,1,,,2,0
3935,0,0,1,,1,,,,0,0
3945,3,3,4,,0,,,,2,5
3946,0,0,1,,0,,,1,2,0
3951,2,1,1,,1,,,,0,6
3954,0,0,3,,1,,,,0,0
3955,0,1,2,,1,,,,2,0
3968,0,3,1,,2,,,,0,0
3970,2,3,6,,2,,,,2,2
3971,2,2,9,,0,,,,0,2
3974,1,2,1,,0,,,1,3,1
3976,2,1,1,,1,,,,2,2
3977,7,2,1,,0,,,,3,7
3978,0,0,0,,1,,,,3,0
3979,2,0,0,,0,,,,0,3
3985,0,0,3,,0,,,,1,0
3989,0,0,0,,0,,,,0,0
3991,2,2,0,,1,,,,1,3
3992,3,1,8,,0,,,,0,4
3996,1,1,0,,2,,,,3,1
4001,0,0,1,,1,,,,1,0
4003,0,0,1,,0,,,,1,0
4004,2,2,3,,0,,,,1,3
4006,2,0,2,,0,,,,0,2
4007,0,2,4,,0,,,,2,0
4009,2,0,5,,1,,,,1,2
4011,1,3,4,,1,,,2,0,2
4012,0,1,1,,1,,,,0,0
4020,0,0,0,,0,,,,2,0
4021,0,0,1,,0,,,,2,0
4023,0,0,1,,1,,,,0,0
4024,2,0,2,,0,,,,0,2
4029,1,2,5,,0,,,,1,1
4034,4,2,6,,1,,,1,0,5
4035,3,0,7,,0,,,1,2,3
4037,0,0,0,,0,,,,0,0
4040,0,0,0,,1,,1,,1,0
4044,0,0,2,,0,,,,0,0
4047,1,1,5,,1,,,1,2,1
4048,0,1,6,,0,,,,1,0
4051,1,1,2,,0,,,,1,2
4052,1,1,0,,0,,,,1,1
4058,1,0,3,,0,,,,0,1
4061,1,2,2,,1,,,,1,1
4063,0,0,2,,1,,,,0,0
4066,1,1,1,,1,,,,4,1
4069,0,1,5,,2,,,,2,0
4071,0,0,1,,0,,,,0,0
4072,0,0,1,,0,,,,0,0
4073,2,0,0,,0,,,,2,2
4084,0,0,5,,0,,,,1,0
4085,0,1,0,,1,,,,1,0
4088,1,0,5,,0,,,,3,3
4090,0,0,3,,0,,,,0,0
4092,1,0,0,,1,,,,0,1
4094,1,0,2,,1,,,,2,2
4097,0,0,0,,1,,,,0,0
4101,2,1,3,,0,,,,1,3
4106,1,1,3,,0,,1,,1,3
4109,1,1,0,,3,,,1,2,2
4110,0,0,1,,0,,,1,0,0
4116,1,0,0,,0,,,,0,1
4117,1,0,4,,0,,,2,0,1
4118,3,2,4,,2,,,,0,4
4128,0,0,0,,1,,,,2,0
4130,0,0,5,,0,,,,0,0
4133,1,2,3,,2,,,,1,1
4135,5,1,0,,1,,,,1,6
4136,0,0,0,,0,,,,0,0
4137,0,0,0,,1,,,,1,0
4142,0,1,0,,0,,,,1,0
4146,0,0,1,,0,,,,0,0
4147,0,0,8,,0,,,1,0,0
4149,0,3,7,,0,,,,0,0
4151,0,0,0,,1,,,,0,0
4154,1,4,3,,2,,,,0,1
4159,2,1,1,,0,,,,0,2
4162,2,2,2,,1,,,,1,2
4167,0,0,2,,0,,,,1,0
4170,2,2,3,,0,,,,1,3
4171,0,0,2,,2,,,,1,0
4175,2,1,2,,1,,,,0,2
4179,0,0,0,,1,,,1,1,0
4180,0,0,5,,0,,,,1,0
4181,0,3,1,,1,,,,1,0
4184,2,0,2,,1,,,,2,2
4186,1,0,3,,0,,,,1,2
4188,0,0,0,,0,,,,0,0
4190,1,1,3,,2,,,,2,2
4191,1,1,4,,0,,,,1,1
4192,0,0,1,,0,,,,1,0
4200,3,0,3,,1,,,,1,3
4206,1,0,1,,0,,,,0,1
4210,0,1,1,,1,,,,0,0
4212,0,2,0,,0,,,,0,0
4215,6,2,3,,3,,,,1,6
4217,0,0,0,,0,,,,0,0
4220,1,0,0,,3,,,1,1,3
4222,0,1,6,,1,,,,0,0
4230,2,1,4,,1,,,,1,4
4231,0,0,0,,0,,,,2,0
4233,2,4,2,,1,,,,2,4
4240,1,1,1,,1,,,,0,1
4242,1,0,0,,0,,,,0,3
4244,1,2,6,,1,,1,,2,1
4245,0,0,0,,0,,,,1,0
4249,0,1,5,,0,,,,0,0
4250,1,4,1,,3,,,,2,3
4251,2,3,2,,1,,,,1,4
4253,0,2,7,,0,,,1,1,0
4255,0,1,3,,1,,,,1,0
4263,1,5,4,,0,,,,0,1
4264,1,3,1,,0,,,,0,1
4270,2,0,0,,1,,,,1,2
4272,0,0,0,,0,,,,0,0
4276,0,2,13,,0,,,,0,0
4281,1,1,1,,0,,,,0,1
4286,0,2,1,,0,,,,1,0
4287,0,4,6,,2,1,,,0,0
4288,1,0,0,,0,,,1,0,1
4289,0,3,0,,0,,,,0,0
4290,2,0,0,,1,,,,5,4
4291,3,3,12,,4,,1,,1,5
4295,0,1,3,,1,,,,0,0
4306,1,1,2,,2,,,,1,1
4308,0,0,4,,1,,,,1,0
4315,0,0,4,,0,,,,1,0
4318,1,0,2,,0,,,,0,1
4319,1,1,6,,0,,,,1,1
4321,0,1,0,,0,,,,1,0
4325,0,0,0,,0,,,,0,0
4326,0,1,4,,2,,,,2,0
4331,1,1,1,,0,,,1,1,3
4340,1,2,0,,0,,,,0,1
4342,0,0,0,,0,,,1,0,0
4343,0,0,2,,1,,,,1,0
4344,1,0,6,,0,,1,,1,1
4351,1,0,1,,3,,,,0,2
4352,1,1,0,,0,,,,1,4
4358,0,0,3,,0,,,,1,0
4363,0,1,2,,0,,,,0,0
4364,0,1,0,,0,,,,2,0
4367,2,1,1,,0,,,,2,3
4368,0,0,2,,0,,,,0,0
4369,0,0,2,,0,,,,2,0
4373,0,0,1,,0,,,,1,0
4376,3,1,0,,0,,,1,0,3
4378,0,2,4,,0,,,,0,0
4379,0,0,3,,0,,,,1,0
4380,1,0,4,,0,,,1,0,1
4384,1,0,1,,0,,,,1,1
4389,1,4,11,,0,,,,1,1
4390,1,0,3,,0,,,,2,1
4395,2,1,0,,1,,,,3,4
4398,0,2,3,,0,,,,0,0
4400,0,2,4,,0,,,,1,0
4401,0,2,3,,2,,,,1,0
4409,2,1,1,,0,1,,1,0,3
4413,1,3,2,,0,,,,0,2
4417,0,1,3,,2,,,1,2,0
4426,0,2,2,,0,,,,1,0
4427,2,3,3,,1,,,,0,2
4428,4,3,4,,2,,,,2,5
4429,1,1,1,,0,,,,1,2
4430,1,1,4,,0,,,,0,2
4432,0,1,2,,1,,,,0,0
4433,0,0,4,,1,,,,1,0
4434,2,1,1,,1,,,1,0,3
4437,0,0,1,,1,,,,2,0
4439,1,1,2,,0,,,,1,1
4442,0,0,1,,0,,,2,1,0
4444,1,0,2,,0,,,,0,1
4450,0,0,1,,0,,,,0,0
4455,2,0,6,,0,,,,1,2
4457,0,0,2,,0,,,,0,0
4459,0,1,2,,2,,,,3,0
4466,2,0,1,,0,,,,1,2
4471,0,0,2,,0,,,,0,0
4472,1,0,4,,0,,,,1,1
4475,0,0,6,,0,,,,0,0
4476,0,0,2,,0,,,,3,0
4480,3,0,2,,1,,,,2,4
4485,1,3,2,,1,,,,6,2
4486,0,0,3,,0,,,,0,0
4492,0,0,1,,0,,,,0,0
4497,2,1,3,,0,,,1,1,4
4505,0,0,0,,0,,,,0,0
4508,0,1,7,,0,,,,2,0
4510,1,0,0,,0,,,,1,1
4511,1,0,3,,0,,,,0,1
4515,2,0,7,,0,,,,3,3
4517,0,0,2,,0,,,,0,0
4519,1,2,4,,1,,,,2,1
4524,0,4,5,,0,,,,0,0
4527,0,1,4,,0,,,,0,0
4528,2,1,2,,2,,,,1,2
4529,1,0,3,,2,,,1,4,2
4531,4,2,3,,2,,,,2,4
4537,1,2,1,,2,,,,2,1
4542,3,0,7,,0,,,,2,3
4548,1,2,3,,0,,,,0,1
4550,2,1,9,,0,,,,1,3
4554,4,2,5,,0,,,,0,5
4558,2,0,4,,3,,,,1,2
4559,0,1,1,,1,,,,1,0
4564,1,0,0,,0,,,,0,2
4567,1,0,3,,0,,,,0,1
4570,0,2,5,,0,,1,,1,0
4572,2,1,2,,1,,,,2,2
4573,2,0,1,,1,,,,1,2
4574,0,2,3,,0,,,,0,0
4577,6,2,2,,4,,,,1,7
4580,0,0,2,,0,,,,3,0
4591,0,2,8,,0,,,,2,0
4592,1,1,4,,0,,,,2,1
4600,2,2,8,,3,,,,2,2
4604,2,0,1,,0,,,,0,2
4608,0,2,2,,3,,,,2,0
4613,0,2,1,,1,,,,0,0
4617,1,0,5,,0,,,,2,2
4618,1,2,3,,0,1,,1,4,1
4619,0,0,0,,0,,,,0,0
4622,1,0,2,,0,,,,1,1
4627,1,0,2,,1,,,,1,2
4633,1,1,7,,1,,,,0,3
4639,3,2,2,,0,,,,0,4
4642,0,0,0,,0,,,2,0,0
4643,1,1,7,,1,,,,1,1
4644,1,1,2,,1,,,,1,3
4645,0,0,0,,0,,,,1,0
4646,2,2,2,,0,,,,0,2
4647,0,1,6,,0,,,,3,0
4651,0,0,0,,0,,,,2,0
4653,1,0,0,,0,,,,0,1
4657,0,1,0,,1,,,1,0,0
4658,3,1,1,,0,,,1,0,5
4661,1,1,4,,1,,,,2,4
4669,0,0,6,,1,,,,2,0
4672,2,1,2,,0,,,,1,2
4673,1,0,3,,1,,,,2,1
4674,3,0,0,,0,,,,1,5
4677,0,0,0,,0,,,,0,0
4679,2,0,1,,1,,,,3,2
4681,0,2,1,,0,,,,1,0
4683,0,0,0,,0,,,,0,0
4688,0,0,10,,0,,,,1,0
4693,0,1,8,,0,,,,1,0
4699,1,2,2,,0,,,,0,2
4700,0,1,4,,1,,,,0,0
4704,0,2,2,,2,,,,0,0
4705,1,1,2,,0,,,,0,2
4706,0,0,0,,0,,,,0,0
4708,0,0,7,,0,,,,1,0
4714,0,2,0,,0,,,,0,0
4715,0,0,6,,0,,,,1,0
4716,3,3,4,,0,,,,2,4
4730,1,1,0,,0,,,,0,2
4731,1,1,0,,1,,,,1,2
4733,0,0,0,,0,,,,0,0
4734,0,1,1,,0,,1,,2,0
4736,0,2,0,,0,,,,0,0
4737,2,0,3,,0,,,,0,2
4738,2,0,5,,0,,,,0,2
4743,0,1,1,,0,,,,0,0
4745,0,0,6,,0,,,,0,0
4746,1,0,5,,0,,,,1,1
4749,0,1,2,,0,,,,0,0
4751,0,0,7,,2,,,,0,0
4752,0,0,1,,0,,,,1,0
4754,0,0,5,,0,,,,4,0
4755,2,0,6,,1,,,,1,2
4758,0,1,0,,0,,,,0,0
4761,1,0,3,,0,,,,1,1
4769,1,1,4,,2,,1,,3,3
4777,2,1,1,,1,,,,0,4
4778,1,1,2,,1,,,,3,1
4779,3,1,0,,1,,,,0,3
4783,0,0,0,,0,,,,0,0
4785,0,0,2,,0,,,,0,0
4786,0,0,5,,0,,,,0,0
4791,0,1,7,,0,,,,0,0
4794,1,0,3,,0,,,,0,4
4801,2,2,2,,0,,,,3,4
4804,0,2,1,,0,,,,0,0
4807,0,1,7,,0,,,,0,0
4809,1,0,5,,0,,,,1,1
4810,1,3,4,,1,,,,0,1
4823,2,2,8,,3,,,,0,2
4826,0,2,6,,0,,1,,1,0
4828,3,0,2,,0,1,,,1,3
4829,1,2,2,,1,,,,3,2
4830,0,1,0,,0,,,,0,0
4833,0,1,2,,2,,,,0,0
4844,0,0,2,,1,,,,0,0
4848,0,1,4,,0,,,,0,0
4849,2,0,3,,0,,,,1,2
4850,1,1,1,,0,,1,,0,3
4851,0,0,5,,0,,,,1,0
4855,0,0,8,,0,,,,1,0
4861,2,0,2,,0,,,,1,3
4862,0,0,2,,0,,,,0,0
4865,3,1,2,,0,,,,2,3
4866,1,0,2,,1,,1,,1,1
4874,0,0,10,,0,,,,0,0
4875,0,1,8,,0,,,,2,0
4881,1,1,4,,0,,1,,1,1
4882,0,1,12,,0,,,,3,0
4888,3,0,3,,1,,,,0,4
4890,2,0,7,,2,,,,1,2
4892,1,3,6,,0,,,,3,1
4895,2,2,2,,0,,,,0,2
4901,1,1,4,,0,,,,1,2
4904,3,1,2,,1,,1,,0,3
4908,0,0,13,,1,,,,0,0
4909,1,0,4,,0,,,,1,1
4910,0,0,6,,2,,,1,2,0
4913,0,0,5,,0,,,,1,0
4916,0,1,2,,0,,,,0,0
4921,3,0,3,,2,,,,0,4
4925,1,1,6,,0,,,,0,3
4927,0,1,7,,0,,,,0,0
4928,0,0,4,,2,1,,,1,0
4934,0,1,4,,0,,,,0,0
4935,1,0,0,,0,,1,,1,2
4936,0,3,3,,0,,,,2,0
4940,2,1,3,,0,,,,1,3
4944,0,0,0,,0,,,,1,0
4946,0,1,1,,0,1,,,0,0
4952,0,0,0,,0,,,1,1,0
4958,0,0,3,,0,,,,1,0
4960,0,0,1,,0,,,,0,0
4961,0,0,0,,0,,,,1,0
4963,1,0,8,,0,,,,0,1
4966,1,0,2,,0,,,,2,3
4969,0,0,0,,0,,,,0,0
4970,1,0,6,,1,,,,2,1
4974,2,1,1,,1,,,,1,4
4977,2,1,5,,0,,,1,4,2
4980,0,1,4,,0,,,,0,0
4987,1,2,6,,1,,1,,1,2
4990,0,1,2,,0,,,,1,0
4992,1,3,1,,0,,,,1,1
4994,2,1,1,,0,,,,1,2
4996,0,0,1,,0,,,,0,0
5000,0,2,2,,0,,,,1,0
5001,0,3,4,,0,,,,0,0
5002,0,0,2,,0,,,,0,0
5010,1,2,4,,0,,,,1,1
5016,1,0,1,,0,,,,0,1
5017,2,0,1,,1,,,,5,2
5020,4,2,4,,0,,,,0,4
5028,0,0,7,,1,,1,,0,0
5031,0,2,5,,1,,,,0,0
5034,0,0,4,,0,,,,1,0
5035,2,0,3,,0,,,,0,2
5036,1,0,0,,0,,,,4,1
5038,0,0,1,,2,,,,1,0
5043,1,1,3,,1,,,,0,1
5051,3,3,1,,1,,,,0,3
5053,1,1,4,,0,,,,0,1
5054,1,1,1,,0,,,1,1,1
5057,0,1,5,,1,,,,1,0
5059,0,0,0,,0,,,,0,0
5060,0,0,2,,0,,,,1,0
5062,0,0,1,,0,,,,0,0
5064,2,1,8,,0,,,,2,2
5068,1,0,2,,0,,,,0,3
5071,0,0,0,,0,,,1,1,0
5075,6,0,3,,3,,1,,2,9
5080,2,0,4,,1,,,,1,2
5084,0,2,4,,0,,,,0,0
5085,1,0,10,,0,,,,0,3
5094,0,2,11,,0,,,,2,0
5096,0,0,4,,1,,,,1,0
5097,1,0,2,,0,,,,1,2
5098,1,2,5,,1,,,,2,1
5103,2,2,3,,0,,,,1,2
5104,2,1,6,,0,,,,1,3
5105,1,0,1,,0,,,1,1,1
5112,2,0,3,,1,,,,2,3
5115,1,0,1,,0,,,,0,2
5121,0,1,6,,0,,1,,1,0
5126,1,0,2,,0,,,1,0,1
5127,2,2,0,,1,,,,2,2
5134,1,0,9,,0,,,,1,3
5138,0,0,0,,1,,,,0,0
5139,0,0,1,,0,,,2,0,0
5141,0,2,3,,2,,,,1,0
5145,0,0,3,,1,,,,0,0
5146,1,0,1,,0,,,,0,1
5147,0,1,0,,1,,,,0,0
5149,3,5,2,,0,,,,0,3
5150,1,1,4,,0,,,,0,1
5151,4,0,0,,0,,,,1,5
5160,3,1,6,,0,,,,3,4
5162,1,1,6,,1,,,,2,1
5163,1,0,0,,0,,,,1,1
5164,2,1,3,,2,,,,1,3
5167,2,3,3,,2,,,,3,3
5170,1,1,1,,0,,,,3,1
5180,0,0,1,,0,,,1,0,0
5182,0,0,3,,1,,,,0,0
5187,1,0,7,,0,,,,1,1
5190,1,2,3,,0,,,1,0,1
5191,1,0,1,,0,,,,0,2
5196,0,0,6,,1,,,,0,0
5200,1,1,0,,0,,,1,0,2
5204,2,2,9,,0,1,,,0,2
5205,2,1,5,,0,,,,1,3
5214,0,0,1,,0,,,,1,0
5215,1,0,1,,0,,,,0,1
5218,1,0,2,,2,,,,0,3
5219,2,1,4,,0,,,,3,2
5223,2,1,2,,0,,,,1,4
5227,0,0,1,,0,,,,1,0
5228,0,0,0,,1,,,,1,0
5232,0,0,3,,1,,,,1,0
5233,3,2,3,,2,,,1,4,5
5237,1,1,9,,0,,,,0,1
5243,0,1,2,,1,,,,0,0
5244,3,1,2,,0,,,,0,3
5246,0,3,2,,0,,,,2,0
5247,0,0,0,,0,,,,1,0
5254,2,0,3,,1,,,,0,2
5260,1,0,0,,0,,,,1,2
5266,2,2,3,,1,,,1,2,3
5267,1,0,1,,0,,,,0,1
5268,1,1,4,,0,,1,,0,2
5271,0,0,0,,0,,,,0,0
5273,0,0,1,,0,,,,0,0
5278,0,0,0,,1,,,,0,0
5279,1,0,1,,1,,,1,1,1
5280,1,1,2,,1,,,,1,1
5284,2,4,8,,1,,,,3,2
5291,0,0,1,,0,,,,0,0
5293,0,0,2,,0,,,,1,0
5294,2,3,7,,0,,,,3,3
5295,1,1,5,,0,,,1,1,4
5296,1,1,3,,2,,,,2,1
5297,1,2,6,,0,,,,0,1
5301,0,1,0,,0,,,,0,0
5302,1,0,3,,0,,,,0,1
5305,1,1,3,,0,,,,0,1
5310,0,0,5,,0,,,,0,0
5318,2,0,11,,0,,,,1,3
5325,0,0,1,,0,,,,3,0
5328,1,1,2,,2,1,,,1,1
5329,2,1,5,,1,,,,3,3
5332,0,1,1,,1,,,,1,0
5334,0,1,1,,0,,,,0,0
5335,2,0,13,,0,,,,1,2
5338,0,0,1,,0,,,,0,0
5339,0,1,7,,0,,1,,1,0
5344,1,2,4,,1,,,,2,1
5345,1,1,1,,2,,,,0,2
5351,1,1,8,,0,,,,0,2
5358,2,1,1,,0,,,,0,3
5363,2,2,5,,1,,,,0,2
5364,3,1,7,,1,,,2,1,4
5367,0,2,1,,1,,,,0,0
5368,0,0,3,,1,,,,0,0
5376,2,1,4,,0,,,,3,4
5378,0,0,2,,0,,,,0,0
5381,1,0,0,,0,,,,1,1
5385,0,2,7,,0,,,,1,0
5386,1,1,2,,1,,,,1,2
5387,2,1,2,,0,,,,1,2
5391,2,1,2,,1,,,2,1,4
5395,0,0,0,,0,,,,0,0
5396,2,5,5,,1,,,,1,3
5399,2,0,4,,0,,,,1,2
5401,1,0,1,,0,,,1,0,2
5404,0,2,1,,0,,,,2,0
5412,0,1,11,,0,,,,0,0
5414,1,1,2,,0,,,,1,3
5418,0,0,3,,1,,,,0,0
5422,0,0,1,,1,,,,3,0
5423,0,0,1,,0,,,,0,0
5427,0,0,5,,0,,,,1,0
5428,1,0,1,,1,,,1,0,1
5431,0,1,5,,0,,,,2,0
5434,0,0,1,,0,,,,2,0
5435,0,0,1,,0,,,,0,0
5437,0,0,2,,1,,,,0,0
5438,0,1,4,,1,,,,2,0
5439,0,2,2,,1,,,,1,0
5442,1,0,4,,1,,,,1,1
5443,0,0,4,,1,,,,0,0
5450,1,1,5,,0,,,,2,2
5452,1,1,4,,0,,,,0,1
5455,0,1,1,,2,,,1,0,0
5456,0,0,0,,2,,,,1,0
5461,1,0,7,,1,,,,0,1
5462,0,4,1,,0,,,,0,0
5468,0,3,6,,0,,,,1,0
5471,3,0,1,,1,,,1,0,4
5472,0,3,14,,1,,,,1,0
5477,1,0,2,,0,,,,0,2
5478,1,2,4,,5,,,,3,1
5483,0,0,0,,0,,,,0,0
5488,1,0,4,,1,,,,1,2
5490,0,0,0,,0,,,,0,0
5495,0,2,8,,0,,,,0,0
5501,0,1,4,,0,,,,1,0
5505,0,1,2,,0,,,,2,0
5506,0,0,0,,0,,,,0,0
5509,2,3,1,,1,,,,2,2
5513,1,0,0,,1,,,1,4,2
5516,0,0,1,,0,,,,1,0
5519,4,1,6,,1,,,,2,7
5521,1,0,7,,0,,,,0,1
5524,0,0,4,,1,,,,0,0
5525,0,6,11,,0,,,,2,0
5526,0,1,7,,0,,,,0,0
5527,0,1,1,,0,,,1,0,0
5529,1,0,3,,0,,,,0,1
5532,1,0,0,,0,,,,0,2
5533,0,1,1,,1,,,,1,0
5535,2,0,6,,2,,,2,2,2
5538,0,0,2,,0,,,,0,0
5544,2,1,2,,0,,,1,3,2
5551,0,0,2,,1,,,,0,0
5552,1,1,2,,0,,,,1,1
5563,7,2,3,,0,,,,4,8
5565,0,1,5,,0,,,,2,0
5566,1,1,6,,0,,,,0,3
5567,0,2,1,,0,,,,1,0
5569,0,1,6,,0,,,,3,0
5576,0,2,3,,0,,,,1,0
5579,0,1,2,,1,,,1,2,0
5582,2,0,5,,0,,,,1,4
5587,2,0,6,,0,,,,3,3
5588,0,1,3,,0,,,,0,0
5592,2,2,5,,0,,,,1,3
5593,0,3,0,,0,,,1,1,0
5594,1,1,0,,0,,,,0,2
5595,1,2,6,,0,,,,1,1
5596,5,2,3,,0,,,1,0,8
5598,1,0,0,,0,,,,1,1
5599,0,0,1,,0,,,,0,0
5602,2,3,7,,2,,1,,1,2
5612,3,1,4,,1,,,,0,3
5613,1,0,2,,0,,,,0,1
5614,0,1,2,,0,,,,2,0
5619,0,0,3,,1,,,,0,0
5623,1,2,3,,1,,,,1,3
5629,0,1,6,,3,,,,0,0
5631,1,2,3,,0,,,,1,1
5636,0,2,2,,0,,,1,1,0
5638,1,1,6,,1,,,,1,1
5640,1,3,7,,0,,,,0,3
5646,1,1,4,,1,,,,0,1
5650,0,0,4,,0,,,,1,0
5652,0,2,8,,0,,,,0,0
5655,3,2,0,,2,,,1,1,3
5656,0,0,2,,2,,,,1,0
5657,1,0,1,,3,,,,0,3
5660,1,0,0,,0,,,,1,1
5661,0,0,1,,1,,,,1,0
5665,1,0,1,,0,,,1,1,2
5671,3,1,0,,0,,,,0,3
5672,0,0,1,,0,,,,0,0
5673,0,3,4,,0,,,,1,0
5676,0,1,2,,0,,,,0,0
5681,0,0,1,,0,,,,0,0
5688,0,2,3,,2,,,,1,0
5689,0,2,6,,2,,,,1,0
5694,0,0,6,,0,,,,1,0
5695,1,3,3,,0,,,,1,1
5698,0,0,0,,1,,,,0,0
5700,0,0,1,,1,,,,0,0
5701,0,0,6,,0,,,,1,0
5704,0,0,6,,0,,,,2,0
5712,5,3,1,,1,,,,1,5
5716,0,2,1,,0,,,1,0,0
5719,2,2,1,,1,,,,1,4
5720,0,2,7,,0,,,,0,0
5721,0,1,1,,1,,,,3,0
5723,0,1,1,,2,,,1,0,0
5725,0,1,2,,0,,,,0,0
5728,0,0,1,,0,,,,0,0
5734,1,4,0,,0,,,,1,1
5735,1,3,2,,0,,,,2,1
5736,1,0,0,,0,,,,0,1
5738,0,0,2,,0,,,,0,0
5745,0,1,5,,0,,,,2,0
5747,2,0,10,,0,,,,1,2
5748,0,1,4,,0,,,,1,0
5750,3,0,3,,1,,,,0,4
5753,1,0,1,,0,,,,2,1
5754,3,2,2,,0,,,1,0,5
5755,0,1,2,,0,,,,3,0
5759,0,1,1,,0,,,1,1,0
5760,0,0,1,,0,,,,0,0
5769,1,5,10,,1,,,,1,2
5770,0,3,7,,1,,,,0,0
5772,1,0,5,,0,,,,0,2
5775,2,0,5,,0,,,,2,3
5781,0,0,0,,0,,,,0,0
5782,0,0,7,,0,,,,1,0
5784,2,3,3,,0,1,,,0,4
5788,1,2,3,,1,,,,2,5
5793,0,1,4,,0,,,1,1,0
5798,1,0,6,,0,,,,1,1
5804,0,0,2,,1,,,,1,0
5805,1,0,0,,0,,,,3,3
5806,0,0,6,,0,,,,0,0
5809,0,1,2,,0,,,,1,0
5810,0,0,2,,1,,,,1,0
5817,1,0,3,,0,,,,3,2
5820,0,0,0,,0,,,,1,0
5822,1,0,3,,1,,,,3,1
5824,0,1,1,,2,,,,1,0
5826,0,0,2,,0,,,,0,0
5830,2,0,4,,0,,,,1,2
5831,0,1,2,,0,,,,1,0
5837,0,0,0,,1,,,1,0,0
5838,1,0,1,,0,1,,,0,1
5840,2,0,7,,0,,,,2,2
5841,0,0,0,,0,,,,2,0
5842,0,1,1,,0,,,,0,0
5845,1,1,4,,0,,,,1,1
5852,1,2,3,,0,,,,2,2
5855,0,1,1,,0,,,,1,0
5856,2,1,2,,1,,,,1,3
5858,0,0,1,,0,,,,0,0
5861,0,0,0,,1,,,,0,0
5864,1,0,2,,0,,,,1,1
5866,4,0,3,,3,,,,1,5
5868,0,0,0,,0,,,,0,0
5879,2,0,0,,0,,,,0,3
5880,2,1,0,,0,,,,0,2
5881,1,3,3,,1,,1,,2,3
5883,2,2,3,,4,,,1,4,2
5884,1,0,1,,0,,,,0,1
5892,1,0,0,,1,,,,2,2
5897,0,0,5,,0,,,,0,0
5905,0,0,7,,2,,,,0,0
5907,1,1,3,,0,,,,1,1
5908,1,1,0,,2,,,,3,2
5913,2,0,1,,0,,,,1,2
5918,1,1,4,,0,,,,2,1
5919,1,1,6,,0,,,,1,2
5920,0,0,3,,0,,,,0,0
5921,1,1,2,,1,,,,0,1
5923,3,1,0,,0,,,,0,3
5924,0,1,3,,1,,,2,0,0
5927,1,0,5,,0,,1,1,0,2
5929,0,0,0,,0,,,,0,0
5934,0,0,3,,0,,,,3,0
5941,3,0,3,,2,,,,2,3
5944,1,0,1,,1,,,,0,1
5947,0,0,5,,0,,,,1,0
5950,1,0,12,,0,,,,1,1
5954,1,1,5,,1,,,1,1,1
5957,1,2,4,,2,,,,1,1
5960,0,2,3,,0,,,1,1,0
5961,1,2,14,,0,,,,2,2
5963,1,2,2,,0,,,,1,1
5966,2,3,5,,4,,,1,0,4
5967,0,0,0,,0,,,,1,0
5973,1,1,4,,0,,,,0,1
5976,0,2,0,,0,,,,0,0
5978,0,0,0,,0,,,,0,0
5980,2,0,10,,0,,,,3,2
5982,0,2,4,,0,,,,0,0
5983,0,3,1,,0,,,,0,0
5990,1,5,4,,2,,,,1,2
5991,0,0,1,,0,,,,1,0
5994,0,2,3,,0,,,,2,0
5995,0,0,4,,0,,,,2,0
5996,9,1,1,,1,,,,2,11
5997,1,1,3,,2,,,,1,1
6003,0,0,0,,0,,,,1,0
6010,1,1,8,,0,,,,0,1
6018,0,2,2,,0,,,,1,0
6019,0,2,3,,1,,,,2,0
6020,0,1,2,,0,,,,0,0
6021,1,0,1,,1,,,,1,1
6022,0,0,4,,0,,,,0,0
6023,2,1,4,,2,,,,3,3
6027,0,0,2,,1,,1,,1,0
6028,0,0,2,,0,,,,2,0
6039,1,0,5,,1,,,,0,1
6041,0,0,2,,1,,,,1,0
6043,3,0,1,,1,,,,1,3
6044,1,1,3,,1,,,,2,1
6060,0,0,0,,0,,,,0,0
6061,1,0,8,,0,,,,0,3
6064,2,2,3,,1,,,,2,3
6065,1,1,4,,0,,,1,1,2
6066,0,1,2,,0,,,,0,0
6070,0,2,5,,1,,,,1,0
6071,2,2,2,,3,,,,3,4
6073,0,0,1,,0,,,,3,0
6081,0,1,3,,0,,,,1,0
6084,3,1,8,,0,,,,0,4
6088,3,0,1,,0,,,,1,4
6089,1,0,1,,1,,,,1,1
6094,0,2,5,,0,,,,0,0
6095,1,0,16,,0,,,,1,2
6102,0,0,0,,0,,,,3,0
6104,1,1,1,,2,,,,0,1
6110,1,2,5,,1,,,,0,1
6113,0,0,9,,0,,,,0,0
6114,3,1,8,,0,,,,0,4
6120,0,0,1,,0,,,,3,0
6125,0,2,9,,0,,,,0,0
6126,2,3,3,,0,,,1,0,2
6127,1,0,4,,0,,,1,1,1
6129,0,0,1,,1,,,,1,0
6132,0,0,0,,0,,,,0,0
6133,0,0,1,,0,,,,0,0
6138,0,0,1,,1,,,,0,0
6140,1,1,5,,0,,,,0,2
6141,2,1,0,,0,,,1,2,3
6152,1,1,3,,1,,,,3,2
6154,3,2,2,,1,,,,2,4
6157,0,1,2,,0,,,1,2,0
6159,0,0,3,,0,,,,0,0
6160,2,3,0,,0,,,,0,2
6162,0,0,2,,0,,,,0,0
6163,0,0,0,,0,,,,0,0
6164,0,1,0,,0,,,,0,0
6168,0,0,1,,1,,,,0,0
6171,2,1,9,,0,,,,0,3
6176,2,1,1,,0,,,,0,3
6177,3,4,2,,1,,,,2,4
6179,0,0,0,,4,,,,1,0
6180,1,1,1,,0,,,,2,4
6184,1,1,3,,0,,,,0,3
6192,3,0,1,,0,1,,,1,4
6193,0,0,3,,0,1,,,0,0
6194,1,2,2,,0,,,,1,1
6199,1,0,1,,0,,,,1,1
6205,1,2,5,,0,,,,1,1
6206,0,0,4,,0,,,,0,0
6207,2,1,1,,0,,,,0,2
6208,1,0,3,,0,,,,0,1
6212,1,2,3,,0,,,,1,2
6214,1,0,0,,0,,,1,0,1
6222,0,1,1,,1,,,,2,0
6223,0,0,1,,0,,,,0,0
6224,1,2,2,,0,,,,0,1
6227,0,0,1,,0,,,,0,0
6233,0,0,2,,1,,,,1,0
6236,0,1,3,,0,,,,0,0
6238,0,0,2,,0,,,,0,0
6240,0,2,7,,0,,,,0,0
6243,0,1,4,,0,,,,0,0
6246,0,1,3,,0,,,,0,0
6248,1,0,3,,2,,,,0,2
6249,1,1,7,,0,,,,2,1
6254,1,0,1,,0,,,,0,2
6259,2,1,0,,2,,,,1,3
6268,0,1,6,,2,,,,0,0
6270,0,2,1,,0,,,,2,0
6273,2,1,7,,1,,,,1,2
6276,1,0,1,,1,,,,0,1
6277,2,1,2,,1,,,,2,5
6278,0,0,3,,0,,,,1,0
6286,0,3,3,,2,,,,2,0
6289,2,0,3,,0,,,,0,2
6295,1,1,2,,0,,,,1,2
6296,0,0,2,,0,,,,0,0
6298,1,0,3,,0,,,,0,1
6300,0,0,0,,0,,,,0,0
6302,1,1,7,,0,,,,0,1
6304,0,1,3,,0,,,,0,0
6308,1,0,1,,0,,,,1,1
6313,0,0,0,,0,,,,0,0
6315,2,1,7,,0,,1,,1,3
6316,1,0,0,,1,,,,1,3
6317,0,0,4,,0,,,,0,0
6320,0,0,0,,0,,,,0,0
6321,2,0,4,,0,,,,0,2
6322,0,0,4,,0,,,,0,0
6323,1,0,0,,0,,,1,0,2
6324,0,0,0,,0,,,,0,0
6325,3,2,4,,1,,,,1,4
6326,2,1,3,,1,,,,0,2
6332,0,1,4,,0,,,,0,0
6337,0,1,8,,1,,,,1,0
6339,1,2,4,,0,,,,1,2
6342,1,1,0,,1,,,,1,2
6343,1,0,1,,0,,,,2,1
6351,0,0,4,,0,,,,1,0
6356,0,0,2,,0,,,,1,0
6358,3,5,3,,1,,,,2,3
6360,2,0,11,,0,,,,0,3
6367,0,0,2,,0,,,,1,0
6371,1,1,8,,0,,,,0,2
6373,0,0,0,,1,,,,0,0
6374,1,0,2,,1,,,,0,1
6375,2,2,5,,1,,,,1,3
6383,4,4,4,,1,,,,1,4
6386,2,2,2,,1,,,1,4,3
6389,0,1,4,,0,,,,0,0
6392,0,0,2,,1,,,,1,0
6399,1,1,0,,1,,,1,0,1
6401,0,0,1,,0,,,,1,0
6402,0,0,0,,0,,,,0,0
6404,1,1,1,,0,,,,1,2
6408,5,0,3,,2,,,,0,7
6409,0,1,7,,1,,,,1,0
6410,0,0,2,,1,,,,0,0
6412,1,1,7,,1,,,,0,2
6417,1,0,3,,0,,,,0,2
6418,1,0,0,,0,,,,0,1
6419,0,2,5,,1,,,,1,0
6421,1,1,7,,1,,,,1,1
6425,0,1,1,,0,,,,0,0
6427,1,1,6,,1,,,,0,2
6429,0,1,3,,0,,,,1,0
6432,1,1,6,,0,,,,1,2
6436,5,1,5,,2,,,,2,6
6438,0,0,2,,0,,,,0,0
6442,3,4,3,,0,,,,1,5
6451,0,0,7,,0,,,,1,0
6453,4,1,2,,0,,,2,1,8
6457,1,0,2,,0,,,,1,1
6461,0,0,0,,0,,,,0,0
6464,0,2,10,,0,,,,0,0
6465,3,2,6,,2,,,,0,4
6475,2,2,3,,0,,,,0,3
6476,0,0,3,,0,,,,1,0
6480,0,0,0,,0,,,,3,0
6482,0,0,3,,0,,,,0,0
6485,1,1,0,,1,,,,1,2
6488,0,0,14,,0,,,,1,0
6490,3,3,8,,0,,,,0,3
6493,0,0,1,,0,,,,0,0
6495,0,1,16,,0,,,,1,0
6496,1,1,8,,0,,,,3,3
6499,0,0,3,,1,,,,2,0
6500,0,2,5,,0,,,,2,0
6501,1,1,4,,2,,,,1,2
6503,2,0,3,,1,,,,4,2
6514,0,1,0,,1,,,,0,0
6515,0,4,3,,0,,,1,0,0
6522,0,0,7,,0,,,,0,0
6523,0,0,8,,0,,,,1,0
6524,3,3,7,,0,,,,0,5
6527,2,0,10,,0,,,,1,2
6534,6,1,4,,0,,,1,3,6
6535,2,1,2,,0,,,,0,3
6536,0,0,3,,0,,,,0,0
6539,3,0,2,,0,,,,0,3
6549,1,0,3,,0,,,,2,1
6550,0,0,1,,0,,,,1,0
6552,2,1,3,,0,,,,1,2
6556,2,0,0,,0,,,,0,2
6557,0,2,1,,1,,,,0,0
6560,2,0,1,,0,,,,0,3
6561,0,2,3,,0,,,,0,0
6567,1,1,4,,0,,,,0,1
6572,0,1,11,,0,,,,0,0
6573,2,3,1,,2,,,2,2,2
6575,1,0,1,,0,,,,0,1
6576,0,0,1,,1,,,,0,0
6581,0,0,1,,0,,,,0,0
6585,0,4,5,,2,,,,1,0
6586,0,0,1,,0,,,,0,0
6590,2,0,2,,3,,,,1,3
6591,4,0,5,,2,,,,2,5
6593,2,2,2,,1,,,,2,4
6594,1,4,6,,1,,,,0,2
6595,1,0,5,,1,,,,0,2
6608,1,1,3,,1,,,,1,4
6610,3,0,6,,0,,,,0,3
6612,0,3,2,,0,,,,2,0
6613,0,1,3,,1,,,,1,0
6614,1,0,2,,0,,,,2,1
6615,1,0,3,,0,,,,0,4
6616,3,1,2,,0,,,,1,5
6618,1,0,0,,0,,,,0,1
6629,0,0,0,,0,,,,0,0
6631,0,0,0,,0,,,1,0,0
6638,0,0,1,,0,,,,1,0
6639,1,0,5,,0,,,,0,3
6643,1,1,4,,0,,,,2,1
6651,0,0,4,,0,,,,0,0
6652,0,0,1,,0,,,,0,0
6656,1,0,5,,1,,,,0,2
6660,2,0,1,,1,,,,0,3
6661,1,0,12,,0,,,,0,1
6662,2,1,3,,1,,,,1,2
6663,0,1,4,,1,,,,0,0
6664,0,0,11,,0,,,,1,0
6668,2,1,2,,0,,,,1,2
6670,1,3,4,,0,,,,0,1
6671,2,2,3,,1,,,,1,2
6674,1,0,4,,1,,,,0,1
6686,0,0,3,,0,,,,2,0
6688,0,0,1,,1,,,,1,0
6689,2,2,3,,1,,,,1,2
6692,0,0,2,,0,,,,3,0
6696,1,2,3,,2,,,1,1,2
6698,0,0,5,,0,,,,1,0
6702,0,0,0,,0,,,,0,0
6703,0,0,0,,0,,,,1,0
6704,1,1,1,,0,,,,0,1
6706,3,0,2,,0,,,,0,3
6714,1,2,6,,0,,,,0,2
6721,0,1,0,,0,,,,0,0
6722,2,0,1,,0,,,,0,2
6724,2,1,4,,0,,,,1,2
6725,2,1,6,,0,,,,2,2
6730,1,0,3,,0,,1,,0,3
6741,2,0,11,,0,,,,0,2
6743,1,2,17,,0,,,,2,2
6745,2,1,10,,0,,,1,0,3
6748,2,0,6,,0,,,,4,3
6750,3,0,3,,1,,,,0,5
6752,0,1,10,,0,,,,3,0
6753,0,0,0,,1,,,,0,0
6754,1,0,0,,0,,,,1,2
6755,0,1,2,,0,,,,0,0
6759,2,4,9,,0,,,,4,4
6763,0,1,6,,0,,,,1,0
6766,1,1,1,,0,,,,0,1
6767,1,2,2,,3,,,,0,3
6770,0,2,4,,0,,,1,1,0
6771,0,1,9,,0,,1,1,3,0
6784,1,1,1,,2,,,,2,1
6786,0,1,0,,3,,,,4,0
6787,0,0,4,,0,,,,3,0
6789,2,0,1,,2,,,,0,2
6792,0,0,1,,0,,,,0,0
6795,0,1,0,,0,,,,1,0
6796,0,0,1,,0,,,,1,0
6802,1,1,3,,1,,,1,1,2
6803,1,1,2,,0,,,,0,2
6804,2,0,1,,0,,,,1,3
6806,0,0,0,,0,,,1,0,0
6807,1,0,0,,0,,,,0,2
6809,1,0,3,,0,,,,0,1
6812,3,1,2,,1,,,,0,4
6820,0,0,2,,0,,,,0,0
6822,0,0,8,,0,,,,0,0
6823,0,0,0,,0,,,1,0,0
6824,0,1,0,,2,,,,1,0
6826,0,2,10,,0,,,,0,0
6827,1,0,0,,0,,,,3,1
6828,1,0,1,,1,,,,0,1
6835,2,3,4,,2,,,1,1,4
6838,3,2,6,,0,,,,2,3
6839,1,1,9,,0,,,,0,2
6841,0,1,14,,0,,,,3,0
6842,2,1,4,,1,,,,2,3
6844,3,1,5,,0,,,,2,3
6846,1,0,4,,2,,,1,1,1
6850,3,1,2,,0,,,,1,4
6855,1,0,2,,0,,,,0,1
6857,0,1,1,,0,1,,,0,0
6858,0,0,0,,0,,,,0,0
6860,0,2,2,,0,,,,2,0
6861,2,0,2,,0,,,,2,3
6866,1,1,4,,0,,,,0,2
6870,5,0,6,,0,,,,3,6
6873,0,0,2,,1,,,1,3,0
6874,0,1,12,,0,,,,2,0
6876,0,0,1,,0,,,,1,0
6880,2,2,2,,1,,,1,0,2
6882,1,2,6,,1,,,2,0,1
6889,0,1,5,,0,,,1,2,0
6890,2,1,4,,1,,,,2,2
6898,2,2,1,,1,,1,,1,2
6907,0,1,1,,0,,,,0,0
6909,3,1,5,,0,,,,0,4
6910,1,2,1,,0,,,,1,2
6911,0,1,8,,0,,,,2,0
6915,1,0,0,,2,,,,0,1
6918,0,1,5,,0,,1,,2,0
6925,1,3,7,,0,,,1,0,1
6928,1,0,3,,0,,,,0,2
6930,0,3,2,,0,,,,2,0
6932,0,0,4,,0,,,,2,0
6934,2,1,5,,1,,,,1,5
6937,0,0,1,,0,,,,0,0
6938,3,2,0,,0,,,,1,3
6940,0,0,0,,0,,,,1,0
6946,0,0,2,,0,,,1,1,0
6952,0,0,0,,2,,,,1,0
6953,0,0,1,,0,,,,2,0
6959,1,0,5,,3,,,,0,2
6969,2,1,3,,2,,,,0,2
6970,1,0,0,,0,,,,0,1
6971,1,0,9,,0,,,,0,2
6974,0,0,0,,0,,1,,2,0
6975,1,3,5,,2,1,,,1,1
6976,0,1,7,,0,,,,0,0
6987,0,0,6,,0,,,,0,0
6990,3,1,6,,1,,,,0,3
6991,1,1,5,,0,,,,2,1
6996,0,1,5,,0,,,,2,0
6997,1,0,4,,0,,,,2,1
6998,1,1,0,,1,,,,1,1
6999,1,1,1,,0,,,,1,2
7005,0,1,3,,0,,,,1,0
7007,0,0,1,,0,,,,0,0
7009,0,0,3,,2,,,,1,0
7011,0,0,11,,1,,,,1,0
7012,1,0,5,,0,,,,0,1
7014,2,0,2,,0,,,,3,2
7021,0,0,0,,0,,,,1,0
7027,1,0,11,,1,,,,2,1
7028,1,0,1,,0,,,,2,1
7029,2,1,1,,1,,,,3,4
7032,0,0,1,,0,,,,0,0
7037,0,0,1,,0,,,,0,0
7039,0,1,1,,0,,,,0,0
7043,1,0,4,,0,,,,0,1
7047,0,0,10,,1,,,,1,0
7051,0,0,8,,0,,,,1,0
7052,0,0,5,,1,,,,1,0
7054,1,0,2,,3,,,,1,2
7057,0,0,0,,0,,,,0,0
7058,2,0,3,,0,,,,1,3
7060,0,0,4,,0,,,,1,0
7064,0,0,0,,1,,,,0,0
7065,1,0,2,,0,,,,0,1
7069,2,1,4,,2,,,,3,3
7071,0,1,0,,0,,,,0,0
7074,0,0,0,,1,,,,4,0
7078,2,2,6,,0,,,,0,2
7081,0,1,2,,2,,,,0,0
7082,0,0,6,,0,,,,0,0
7087,0,0,0,,0,,,,1,0
7091,1,0,0,,1,,,,1,1
7093,2,0,4,,1,,,,1,2
7095,0,0,4,,1,,,,0,0
7101,0,0,0,,1,,,,0,0
7102,0,0,0,,0,,,,0,0
7103,0,0,0,,0,,,,0,0
7104,1,3,2,,2,,,1,0,3
7105,0,2,5,,1,,,,1,0
7108,1,1,7,,0,,,,1,1
7112,0,2,13,,0,,,,2,0
7114,1,3,0,,0,,,,0,1
7116,2,2,1,,0,,,1,0,3
7117,1,1,4,,1,,,,0,2
7121,0,1,3,,0,,1,,1,0
7127,6,5,8,,1,,,,1,8
7131,3,1,3,,0,,,,0,5
7138,1,1,7,,1,,,,2,1
7142,1,1,4,,1,,,,0,1
7149,0,0,0,,0,,,,0,0
7150,2,1,1,,0,,,,1,2
7154,0,1,1,,0,,,,0,0
7157,1,2,3,,0,,1,,1,3
7160,3,0,0,,0,,1,,1,4
7161,0,0,3,,0,,,,0,0
7165,0,0,2,,0,,,,0,0
7166,0,2,1,,0,,,,0,0
7170,0,0,1,,0,,,,0,0
7174,1,1,4,,0,,,,2,1
7177,0,0,5,,0,,,,0,0
7179,1,0,7,,0,,,,1,1
7182,0,0,2,,1,,,,1,0
7185,0,0,3,,0,,,,0,0
7190,3,0,2,,0,,,,1,3
7192,1,0,2,,1,,,,1,1
7193,1,3,8,,1,,,,2,2
7195,0,0,0,,0,,,,0,0
7196,0,0,1,,0,,,,0,0
7200,0,0,0,,0,,,,0,0
7201,0,0,5,,1,,,,1,0
7207,1,1,3,,1,,,,0,1
7208,0,1,1,,0,,,,1,0
7214,1,3,1,,1,,,,1,1
7218,1,1,0,,1,,,,1,2
7223,1,0,2,,1,,,,2,1
7224,2,1,4,,0,,,,0,3
7227,0,0,0,,0,,,,0,0
7229,0,0,9,,0,,,,1,0
7230,0,1,0,,0,,,,0,0
7235,0,1,1,,1,,,,1,0
7236,1,0,9,,0,,1,,0,2
7239,0,0,1,,0,,,,0,0
7246,0,0,0,,2,,,,1,0
7247,0,2,0,,0,,,,3,0
7251,5,3,4,,3,,,,2,9
7253,2,2,0,,1,,,,0,3
7255,1,1,3,,1,,,,1,3
7261,0,1,2,,2,,,,0,0
7269,1,4,2,,1,,,,4,2
7270,1,1,0,,0,,,,0,4
7273,0,1,2,,0,,,1,1,0
7275,0,1,2,,1,,,,2,0
7282,1,1,2,,0,,,,0,2
7285,0,1,4,,0,,,,0,0
7287,0,1,4,,1,,,,0,0
7292,1,2,10,,0,,,,2,1
7294,1,1,0,,3,,1,,0,3
7300,2,0,9,,0,,,,3,2
7301,2,2,4,,0,,,,0,3
7305,0,0,1,,0,,,,0,0
7307,1,0,5,,0,,,,1,2
7310,1,1,4,,0,,,,0,1
7313,4,3,4,,1,,,,0,7
7318,5,2,2,,5,,,,0,6
7321,0,0,4,,0,,,,1,0
7322,1,0,2,,0,,,,2,1
7323,0,1,0,,0,,,,0,0
7327,1,2,0,,0,,,1,0,1
7331,2,1,2,,0,,,,1,2
7333,1,0,0,,0,,,2,0,1
7336,0,0,0,,0,,,,1,0
7337,0,0,0,,0,,,,1,0
7341,0,2,6,,0,,,,0,0
7346,1,4,6,,1,,,,1,1
7347,0,0,4,,0,,,,0,0
7348,0,0,1,,0,,,,0,0
7349,0,1,4,,0,,,,1,0
7350,0,0,0,,0,,,,0,0
7351,1,1,1,,0,,,,1,1
7352,1,0,1,,0,,1,,0,1
7353,0,0,11,,0,,,,0,0
7359,2,2,5,,1,,,,1,5
7360,1,0,9,,1,,,,0,1
7365,0,3,11,,2,,,,2,0
7368,0,0,3,,0,,,,3,0
7369,1,1,3,,0,,,,1,3
7377,5,0,10,,1,,,,2,7
7380,1,0,1,,0,,,,0,1
7381,0,0,16,,0,,,,0,0
7386,2,1,7,,3,,,1,4,2
7389,0,1,1,,2,,,,0,0
7391,1,6,6,,0,,,,4,3
7392,0,2,9,,0,,,,2,0
7394,0,0,3,,0,,,,0,0
7395,2,1,4,,0,,,,1,5
7399,4,1,7,,2,,,,2,6
7401,0,0,10,,0,,,,1,0
7402,2,0,2,,1,,,,0,2
7404,2,1,8,,2,,,,2,3
7412,1,0,2,,1,,,,0,1
7413,0,1,0,,2,,,,0,0
7414,0,1,1,,0,,,,0,0
7421,0,1,5,,1,,,,2,0
7430,0,1,6,,0,,,,1,0
7431,2,0,6,,1,,,,2,2
7436,4,0,0,,3,,,,0,4
7439,1,2,5,,0,,,,0,1
7441,2,2,2,,0,,,1,1,2
7443,1,5,6,,0,,,,0,1
7444,0,1,3,,0,,1,,0,0
7454,4,3,3,,0,,,,0,7
7456,0,1,1,,1,,,,2,0
7458,2,3,7,,0,,,,2,3
7459,0,1,2,,0,,,,0,0
7460,0,0,4,,0,,,,0,0
7461,1,0,1,,1,,,,3,2
7463,1,2,0,,1,,,,1,1
7471,3,1,1,,0,,,,0,3
7472,0,0,0,,0,,,,0,0
7475,2,2,12,,0,,,,1,2
7479,2,1,0,,1,,,,1,2
7483,0,1,4,,1,,,,1,0
7489,0,0,8,,0,,1,,2,0
7493,2,1,1,,1,,,,1,3
7494,0,2,1,,1,,,,1,0
7495,2,1,1,,0,,,,0,2
7501,2,2,1,,0,,,,1,2
7502,2,0,5,,0,,,1,1,3
7504,0,1,5,,2,,,,2,0
7512,1,1,6,,5,,,,3,2
7518,0,1,5,,0,,,,1,0
7519,1,0,2,,0,,,,0,5
7522,1,1,3,,0,,,,0,1
7524,0,1,6,,2,,,,0,0
7528,2,1,2,,0,,,1,0,2
7529,1,1,8,,0,,,,0,2
7534,2,1,7,,0,,,,0,2
7535,0,0,0,,0,,,,0,0
7536,0,0,1,,0,1,,,0,0
7538,1,0,2,,0,,,,1,2
7543,1,0,1,,0,,,,0,1
7544,0,0,3,,0,,,,0,0
7545,2,0,1,,1,,,,2,2
7548,0,0,4,,0,,,,1,0
7553,0,0,4,,0,,,1,1,0
7554,0,0,3,,1,,,,3,0
7557,2,0,6,,0,,,,0,3
7564,1,2,2,,0,,1,,1,2
7565,1,2,2,,0,,,,2,2
7575,0,1,11,,2,,,,2,0
7577,0,0,0,,0,,,,0,0
7581,1,0,1,,0,,,,1,2
7584,2,2,10,,1,,,,0,3
7588,1,1,1,,2,,,1,2,1
7593,1,0,7,,0,,,,1,1
7595,2,1,4,,0,,,,0,3
7596,1,1,3,,0,,,,2,1
7598,1,2,5,,0,,,,1,2
7600,0,2,11,,0,,,,1,0
7608,0,0,1,,2,,,,2,0
7609,0,4,15,,1,,,,3,0
7610,1,1,0,,1,,,,1,4
7612,0,1,0,,0,,,,1,0
7615,2,0,2,,0,,,,0,2
7617,0,2,2,,1,,,,1,0
7619,0,0,0,,0,,,,0,0
7624,0,1,7,,0,,,,1,0
7626,0,2,4,,1,,,,1,0
7627,0,2,5,,0,,,,3,0
7631,1,2,4,,1,,,1,0,2
7634,0,0,3,,1,,,,0,0
7638,2,0,6,,0,,,,1,2
7640,0,4,3,,0,,,,2,0
7643,0,1,0,,0,,,,0,0
7644,0,1,0,,0,,,,0,0
7647,3,1,5,,0,,,1,1,3
7650,1,0,1,,1,,,1,2,1
7660,1,0,1,,1,,,,5,3
7661,0,0,0,,0,,,,0,0
7662,1,0,2,,0,,,,0,1
7665,2,0,2,,0,,,,1,4
7667,0,1,11,,0,,,,2,0
7668,0,0,0,,0,,,,0,0
7669,2,1,13,,0,,,,0,3
7670,0,0,1,,1,,,1,0,0
7671,1,0,1,,0,,,,1,3
7673,1,2,8,,2,,,,3,1
7676,3,1,4,,1,,1,,1,4
7679,0,0,3,,1,,1,1,3,0
7680,1,1,11,,1,,,,1,1
7684,0,0,0,,0,,,,0,0
7687,0,0,5,,2,,,,1,0
7694,1,0,8,,1,,,,0,2
7696,1,3,5,,1,,,,1,1
7698,0,0,2,,0,,,,0,0
7700,0,0,1,,1,,,,3,0
7701,0,0,1,,0,,,,0,0
7703,3,1,0,,2,,,,1,4
7707,0,0,0,,0,,,,0,0
7716,0,1,0,,1,,,2,1,0
7721,1,2,4,,2,,,,1,3
7722,0,0,3,,0,,,,0,0
7724,0,2,0,,1,,,1,0,0
7725,0,0,0,,0,,,1,0,0
7730,0,1,1,,0,,,,0,0
7731,1,1,1,,0,,,,0,1
7732,1,0,0,,1,,,,0,1
7734,1,1,2,,1,,,,0,1
7737,3,2,3,,1,,,,1,5
7739,2,1,3,,0,,,,0,2
7740,0,0,2,,0,,,,1,0
7743,1,3,3,,1,,,,0,2
7746,0,0,3,,0,,,,1,0
7757,0,0,3,,0,,,,0,0
7758,1,1,0,,2,,,,1,3
7766,2,0,3,,0,,,,1,2
7767,1,3,7,,0,,,,1,3
7768,1,0,1,,1,,,1,0,1
7778,0,0,0,,3,,,,0,0
7779,1,1,5,,1,,1,,0,2
7781,2,3,6,,2,,,1,3,3
7782,0,2,4,,0,,,,2,0
7783,4,2,7,,0,,,,0,5
7786,0,1,2,,2,,,,0,0
7789,2,0,5,,0,,,,4,2
7790,0,0,2,,0,,,,0,0
7795,0,1,3,,0,,,,0,0
7796,0,0,1,,0,,,,0,0
7802,0,0,7,,0,,,,0,0
7808,0,3,5,,1,,1,,0,0
7811,2,1,2,,0,,,,1,2
7812,1,0,6,,0,,,,1,1
7818,5,0,1,,1,,,,0,5
7826,0,0,0,,0,,,,1,0
7830,2,2,2,,2,,,,1,5
7831,1,0,1,,0,,,1,1,2
7832,1,1,7,,1,,,,0,2
7834,0,0,1,,1,,,,1,0
7835,4,0,2,,0,,,,0,5
7836,0,0,3,,0,,,,0,0
7843,1,2,3,,2,,,,1,1
7845,2,1,4,,1,,,,2,3
7846,1,1,5,,0,,,1,1,1
7849,1,0,4,,0,,,,2,1
7851,1,0,1,,0,,,,1,1
7852,0,0,8,,3,1,,1,0,0
7859,2,0,4,,0,,,,1,3
7862,1,1,5,,0,,,,1,2
7864,0,1,2,,1,,,,0,0
7868,0,1,3,,1,,,,1,0
7869,1,3,11,,1,,,,1,1
7873,1,3,2,,4,,,,1,1
7874,0,0,1,,2,,,,1,0
7882,2,0,0,,0,,,,0,2
7883,2,2,5,,2,,,,3,3
7884,0,0,0,,1,,,,3,0
7892,0,0,4,,0,,,,0,0
7894,0,0,2,,0,,,,0,0
7897,0,1,1,,0,,,,3,0
7901,0,0,0,,0,,,,0,0
7902,0,0,1,,0,,,,0,0
7903,0,1,7,,0,,,,0,0
7907,1,1,3,,0,,1,,1,1
7908,0,1,9,,0,,,,0,0
7915,0,1,7,,0,,,,1,0
7917,1,0,8,,0,,,,1,1
7921,2,1,3,,0,,,1,1,2
7924,5,2,5,,1,,,1,2,5
7929,4,0,4,,0,,,,1,5
7933,0,0,2,,0,,,,0,0
7934,1,1,3,,0,,,,1,1
7936,2,0,0,,0,,,,1,3
7940,1,2,6,,0,,,,1,1
7945,0,0,7,,0,,,,0,0
7951,2,2,8,,0,,,,0,2
7952,0,0,9,,0,,,,2,0
7953,0,2,10,,0,,,,0,0
7954,3,2,3,,1,,,,0,4
7957,0,0,0,,0,,,,0,0
7961,0,1,4,,0,,,,0,0
7962,1,1,2,,1,,,1,1,2
7964,0,1,4,,0,,1,,1,0
7968,3,2,11,,0,,,,3,6
7972,2,0,0,,0,,,1,0,2
7977,0,1,1,,0,,,,0,0
7978,0,0,1,,0,,,,0,0
7984,1,0,2,,3,,,,4,2
7985,0,1,0,,0,,,,2,0
7991,3,1,1,,1,,,1,0,5
7992,1,1,2,,0,,,,1,1
7998,1,0,0,,2,,,1,1,3
8002,2,4,2,,1,,,,1,3
8003,0,0,0,,0,,,,2,0
8004,0,1,1,,0,,1,,0,0
8008,0,0,0,,0,,,,1,0
8013,0,1,10,,0,,,,0,0
8015,0,1,10,,0,,,,0,0
8018,1,1,5,,1,,,,1,2
8021,0,0,6,,0,,,1,0,0
8022,2,0,3,,1,,,,0,2
8023,1,0,5,,0,,,,1,2
8024,1,0,4,,1,,,,3,1
8026,0,0,11,,0,,,,2,0
8035,2,2,3,,1,,,,1,2
8037,0,0,0,,0,,,,0,0
8038,1,3,6,,0,,,,0,1
8046,1,0,2,,0,,,,0,1
8047,0,0,0,,0,,,,0,0
8048,0,0,15,,1,,,,0,0
8050,0,0,0,,0,,,,0,0
8055,1,0,1,,3,,,,2,2
8061,4,1,5,,2,,,,1,5
8063,1,1,1,,1,,,,0,1
8065,1,0,4,,2,,,1,0,1
8070,0,0,2,,1,,,,0,0
8072,0,0,1,,0,,,,0,0
8073,0,2,6,,1,,,,0,0
8077,1,0,3,,0,,,,0,2
8078,0,3,6,,0,,,,1,0
8082,1,0,6,,0,,,,3,1
8088,1,0,2,,0,,,,1,2
8089,1,0,0,,0,,,,1,1
8091,0,0,1,,0,,,,0,0
8095,2,1,2,,0,,,1,5,2
8098,1,0,0,,0,,,,0,1
8099,0,0,4,,1,,,,1,0
8100,0,0,0,,0,,,,0,0
8107,0,2,3,,0,,,,3,0
8111,0,0,3,,0,,,,1,0
8113,1,1,3,,0,,,,0,1
8114,5,1,1,,0,,,,1,7
8117,1,3,8,,0,,,1,0,2
8122,1,1,3,,2,,,,1,1
8127,0,0,4,,0,,,,4,0
8129,0,0,2,,0,,,,0,0
8132,1,2,9,,0,,,,2,1
8133,0,0,0,,0,,,,0,0
8135,0,1,1,,1,,,,0,0
8139,0,0,0,,0,,,1,0,0
8140,1,0,9,,1,,,,1,3
8142,0,0,1,,0,,,,0,0
8149,1,1,2,,2,,,,0,1
8153,4,0,3,,1,,,,1,5
8155,0,2,1,,0,,,,1,0
8157,1,2,6,,3,,,,0,1
8163,1,1,1,,0,,,1,0,1
8170,0,0,4,,0,1,,,1,0
8171,0,0,6,,0,,,,1,0
8175,0,1,3,,0,,,,0,0
8176,0,0,2,,0,,,1,1,0
8177,1,1,1,,0,,,,0,1
8179,0,2,6,,0,,,,3,0
8181,2,1,2,,1,,,,1,2
8187,0,0,6,,0,,,,2,0
8197,0,2,1,,1,,,,2,0
8199,1,0,3,,1,,,,0,1
8200,1,2,7,,0,,,,1,1
8204,1,2,9,,0,,,,1,1
8206,2,1,5,,1,,1,,1,3
8213,1,1,3,,0,,,1,0,1
8215,0,0,5,,1,,,,2,0
8218,1,2,1,,3,,,1,0,3
8220,0,0,2,,0,,,,0,0
8223,0,0,2,,0,,,,1,0
8225,0,2,4,,0,,,,0,0
8231,5,0,4,,5,,,,2,5
8233,1,0,1,,1,,,,5,1
8238,0,0,1,,0,,,,1,0
8243,0,0,0,,0,,,,0,0
8244,2,1,7,,0,,,,0,3
8245,2,0,6,,1,,,,2,3
8246,1,3,4,,3,,,,1,2
8247,0,0,2,,0,,,,0,0
8254,1,3,8,,0,,,,0,2
8258,2,1,1,,1,,,,1,3
8263,0,0,3,,0,,,,0,0
8264,4,1,2,,2,,,1,3,6
8266,1,1,3,,0,,,,0,4
8268,1,2,6,,0,,,,0,2
8270,1,2,8,,0,,,,0,1
8279,0,2,0,,0,,,,0,0
8283,0,0,0,,2,,,,2,0
8286,3,0,5,,0,,,,0,4
8290,0,0,1,,0,,,,0,0
8293,1,0,11,,0,,,,1,1
8294,1,0,3,,1,,,,2,2
8298,3,1,9,,0,,,,0,3
8301,2,1,1,,2,,,1,1,2
8306,1,0,2,,1,,,1,0,1
8308,1,0,1,,0,,,,0,1
8311,1,0,3,,0,,,,0,1
8315,0,0,0,,0,,,,0,0
8317,1,1,3,,1,,,1,0,1
8319,1,1,0,,1,,,,0,3
8320,0,1,0,,0,,,,0,0
8329,2,0,3,,0,,,,2,4
8334,3,0,0,,0,,,1,0,4
8336,3,0,3,,0,,,,2,3
8339,4,2,2,,0,,,,0,5
8340,3,1,11,,1,,,,2,3
8346,2,2,2,,0,,,,1,2
8356,2,0,0,,1,,,,1,3
8357,2,1,7,,1,,,,0,4
8359,0,0,2,,0,,,,1,0
8362,1,0,3,,0,,,,0,1
8363,1,2,3,,0,,,,1,1
8365,3,3,1,,5,,1,,2,4
8369,0,0,0,,0,,,,1,0
8375,1,0,10,,1,,,,1,2
8378,2,0,6,,0,,,,0,2
8379,1,1,1,,0,,,,0,1
8380,0,0,4,,1,,,,0,0
8388,0,0,6,,0,,,,1,0
8393,1,2,8,,0,,1,,0,1
8395,0,1,8,,1,,,,0,0
8400,1,1,2,,0,,,,1,1
8401,0,0,1,,0,,,,0,0
8402,2,0,1,,0,,1,1,4,2
8406,1,1,6,,0,,,,1,3
8407,0,0,2,,1,,,,2,0
8411,1,0,5,,0,,,,0,2
8412,0,0,2,,0,,,,1,0
8418,0,0,0,,0,,,,0,0
8420,0,2,5,,0,,,,1,0
8424,1,2,6,,3,,,,2,2
8430,0,1,4,,0,,,,0,0
8435,3,2,2,,0,,,,0,3
8439,2,0,1,,1,,,,0,2
8443,0,0,0,,0,,,,0,0
8454,0,0,1,,1,,,,0,0
8455,3,0,12,,1,,,,0,4
8456,0,1,3,,1,,,3,1,0
8460,0,0,6,,1,,,,0,0
8463,1,1,1,,0,,,,1,2
8465,5,3,4,,0,,,2,3,6
8466,2,2,5,,1,,,,1,2
8469,0,1,7,,0,,,,2,0
8470,2,1,5,,1,,,,0,3
8474,4,0,2,,0,,,,1,6
8476,0,0,2,,0,,,,0,0
8480,0,1,4,,0,,,,2,0
8482,0,0,2,,0,,,,3,0
8483,0,1,0,,0,,,,0,0
8484,0,0,4,,0,,,,1,0
8485,0,0,1,,0,,,1,1,0
8488,0,0,0,,0,,,,0,0
8491,0,0,0,,0,,,,1,0
8500,1,3,1,,0,,,1,2,2
8505,0,1,5,,2,,,2,0,0
8508,2,1,3,,1,,,,0,3
8510,0,2,8,,1,,,,2,0
8516,1,0,2,,2,,,,0,1
8517,0,0,6,,0,,,,1,0
8519,1,1,5,,0,,,,4,2
8522,0,0,0,,0,,,,1,0
8523,0,0,6,,0,,,,1,0
8525,1,0,4,,1,,,,3,1
8536,3,0,2,,2,,,,1,4
8540,0,0,4,,0,,,,2,0
8542,1,2,6,,1,,,,0,2
8544,1,0,6,,1,,,,0,2
8545,1,2,1,,2,,,,4,4
8546,1,2,2,,1,,,1,1,1
8561,2,0,1,,1,,,,1,3
8562,1,2,7,,0,,,,2,1
8563,0,1,0,,1,,,,1,0
8564,0,2,11,,1,,,,1,0
8570,0,0,0,,0,,,,0,0
8572,1,1,5,,0,,,1,1,1
8574,3,0,5,,2,,,,1,4
8576,0,0,4,,0,,,,0,0
8578,2,0,11,,1,,,,2,2
8579,1,1,0,,0,,,1,1,1
8586,1,0,2,,1,,,,0,3
8591,0,0,0,,0,,,,0,0
8592,1,3,1,,0,,,,1,2
8594,0,1,9,,0,,,,0,0
8595,1,0,16,,0,,,,5,3
8600,1,2,3,,0,,,,0,1
8602,0,2,0,,0,,,,0,0
8603,4,0,4,,0,,,1,1,4
8606,0,0,0,,0,,,,0,0
8611,1,3,9,,0,,,,0,3
8614,1,0,6,,0,,,,2,2
8616,2,1,4,,1,,,,1,4
8617,0,0,3,,0,,,,0,0
8621,0,0,2,,0,,,,0,0
8622,0,1,1,,1,,,1,4,0
8625,0,0,4,,1,,,,0,0
8628,2,2,4,,2,,,,1,7
8629,1,1,4,,0,,,,2,1
8636,1,1,7,,0,,2,,1,1
8637,0,0,2,,0,,,,0,0
8639,1,1,8,,0,,,,0,1
8647,0,0,0,,3,,,2,0,0
8648,3,0,2,,0,,,,0,3
8650,0,1,1,,0,,,,0,0
8652,3,1,4,,0,,,,0,3
8653,1,2,2,,2,,,,2,2
8655,0,0,0,,0,,,1,0,0
8657,0,2,2,,3,,,,0,0
8663,0,0,0,,0,,,,0,0
8664,0,1,3,,0,,,2,1,0
8667,0,0,1,,0,,,,0,0
8668,1,0,1,,0,,,,0,1
8672,2,0,5,,0,,,,2,3
8675,0,2,2,,1,,,,3,0
8676,0,0,1,,0,,,,0,0
8677,0,0,2,,0,,,,0,0
8680,4,0,3,,2,,,,0,4
8682,0,1,3,,1,,,,1,0
8683,0,1,9,,1,,,,0,0
8688,0,0,2,,0,,,,1,0
8689,3,1,10,,1,,,,1,3
8691,0,0,3,,0,,,,0,0
8694,4,0,3,,2,,,,0,4
8695,0,0,0,,0,1,,,1,0
8697,1,1,4,,1,,,,2,1
8706,0,0,2,,0,,,,0,0
8711,3,1,2,,1,,,,0,5
8713,0,0,0,,0,,,,0,0
8715,2,1,4,,1,,,,2,2
8718,0,0,1,,0,,,1,0,0
8719,0,0,0,,1,,,1,1,0
8722,1,1,3,,1,,,,0,2
8726,1,1,3,,2,,,,0,1
8727,3,1,0,,0,,,,5,3
8735,0,0,1,,0,,,,1,0
8736,0,0,8,,0,,,,0,0
8743,1,2,5,,1,,,,4,2
8746,2,1,8,,0,,,,1,4
8748,0,1,0,,0,,,,0,0
8749,0,2,4,,1,,,,1,0
8750,0,0,1,,0,,,,1,0
8753,0,0,1,,0,,,,0,0
8754,0,0,3,,0,,,,0,0
8757,1,0,9,,0,,,,1,1
8759,2,1,4,,1,,,,1,2
8761,0,3,1,,0,,1,,1,0
8763,0,2,5,,0,,,,0,0
8765,0,0,2,,1,,,1,0,0
8766,1,3,5,,1,,,,2,3
8770,0,0,4,,0,,,,1,0
8779,1,2,3,,1,,,,0,1
8785,1,2,3,,3,,,,1,1
8786,0,0,1,,1,,,,0,0
8787,3,0,21,,1,,,,1,3
8795,0,0,4,,0,,,,0,0
8798,0,3,3,,0,,,,1,0
8799,0,0,0,,1,,,,0,0
8804,5,3,0,,0,,,,3,6
8813,2,2,4,,0,,1,,0,5
8816,1,1,1,,1,,,,2,4
8818,0,1,4,,0,,,,0,0
8819,1,3,6,,0,,,,0,1
8821,0,1,3,,0,,,,0,0
8822,0,0,7,,0,,,,1,0
8825,1,0,1,,0,,,,2,1
8830,1,0,5,,1,,,,3,1
8831,0,0,3,,0,,,,1,0
8832,2,1,3,,0,,,,1,2
8836,0,2,6,,0,,,,1,0
8838,0,0,0,,0,,,,0,0
8847,3,1,0,,0,,,,3,3
8849,0,1,4,,0,,,,2,0
8853,0,0,3,,0,,,,3,0
8860,0,1,4,,0,,,,0,0
8865,0,1,1,,1,,,,1,0
8867,0,1,4,,1,,,,1,0
8869,1,3,3,,0,,,,1,1
8872,2,0,2,,0,,,,1,2
8874,0,0,1,,0,,,1,2,0
8881,3,3,3,,2,,,,1,3
8882,0,1,4,,0,,,,0,0
8888,2,1,6,,0,,,,0,4
8892,0,0,1,,0,,,,0,0
8894,3,1,5,,0,,1,,1,3
8897,3,1,1,,1,,,,1,4
8898,0,0,0,,1,,,,0,0
8899,0,0,2,,1,,,,1,0
8901,0,0,0,,0,,,,0,0
8903,0,0,2,,2,,,,1,0
8904,1,2,4,,0,,,,2,2
8909,1,0,2,,1,,,4,1,2
8915,0,1,4,,1,,,,1,0
8916,0,0,0,,0,,,,0,0
8919,0,0,0,,0,,,,1,0
8920,0,0,0,,0,,,,0,0
8922,1,0,1,,0,,,,0,2
8925,0,0,8,,0,,1,,1,0
8927,3,0,4,,1,,,,0,5
8930,0,0,3,,0,,,,2,0
8931,1,0,5,,1,,,,2,2
8932,1,2,5,,0,,,,0,4
8935,0,1,0,,0,,,,0,0
8939,0,3,7,,1,,,,2,0
8941,2,1,1,,0,,,,0,2
8942,1,0,1,,0,,,,2,1
8944,0,0,0,,0,,,,0,0
8952,1,3,6,,0,,,,1,3
8953,0,1,12,,0,,,,0,0
8960,0,0,0,,1,,,,1,0
8961,1,1,6,,1,,,,0,1
8962,0,1,14,,0,,,,2,0
8965,1,0,3,,0,,,,1,2
8967,3,3,4,,1,,,1,0,4
8969,1,0,6,,1,,,,1,1
8972,3,1,1,,0,,,,1,4
8973,1,0,2,,0,,,,2,1
8980,0,0,1,,0,,,,1,0
8981,2,0,6,,1,,,,1,3
8986,0,1,12,,0,,,,1,0
8987,2,1,3,,0,,,,0,2
8994,0,2,12,,0,,,,4,0
8997,2,3,4,,0,,,1,2,2
9000,3,0,0,,0,,,,0,3
9001,1,1,5,,0,,,,0,1
9005,3,4,5,,2,,,,3,4
9006,0,0,7,,0,,,1,0,0
9014,0,0,3,,0,,,,0,0
9015,0,1,8,,0,,,,0,0
9016,2,2,3,,0,,,,1,2
9018,0,0,1,,0,,1,,0,0
9025,0,1,6,,0,,,,0,0
9029,1,0,3,,0,,,,1,1
9030,6,2,7,,0,,1,,3,7
9035,0,0,2,,2,,,,1,0
9036,1,1,2,,0,1,,,0,1
9045,2,1,11,,1,,,,0,2
9051,2,3,1,,0,,,,1,3
9054,1,0,2,,1,,,,1,1
9055,1,0,4,,1,1,1,,0,1
9056,0,2,7,,0,,,,0,0
9059,1,1,4,,0,,,,0,2
9065,0,0,5,,0,,,,0,0
9069,1,0,4,,0,,,,1,1
9072,1,0,10,,0,,,,0,1
9074,1,1,6,,1,,,,2,1
9078,1,1,9,,2,,,,0,2
9080,0,0,1,,0,,,,0,0
9088,1,2,0,,0,,,,2,1
9090,1,1,6,,2,,,,0,1
9091,0,1,2,,0,,,,3,0
9094,0,1,1,,0,,,,2,0
9097,1,0,11,,0,,,,2,1
9099,1,0,0,,0,,,,1,1
9104,0,1,1,,0,,,,2,0
9105,0,1,0,,0,,,,0,0
9107,0,0,3,,0,,,,0,0
9111,1,1,2,,1,,,1,1,1
9118,0,0,11,,0,,,,0,0
9119,5,1,7,,0,,,,2,6
9126,1,0,4,,0,,,,0,2
9128,0,0,0,,0,,,,1,0
9129,1,3,3,,0,,,2,0,2
9131,0,0,1,,0,,,,0,0
9133,0,2,7,,0,,,,1,0
9135,0,1,4,,0,,,1,1,0
9138,0,2,0,,0,,,,0,0
9139,2,0,0,,0,,,,0,2
9141,1,1,0,,2,,,,2,2
9142,1,2,6,,1,,,,0,2
9153,2,0,3,,0,,,,0,2
9157,0,0,0,,0,,,,1,0
9159,1,1,1,,2,,,,1,2
9163,3,0,3,,1,,,,1,4
9164,0,0,9,,0,,,,2,0
9170,0,0,4,,0,,,,1,0
9172,1,0,1,,0,,,,0,2
9188,1,2,6,,1,,,,3,1
9189,1,0,4,,1,,,,0,1
9190,2,0,5,,0,,,,3,2
9191,0,1,5,,0,,,,0,0
9192,1,1,0,,0,,,2,1,2
9196,2,0,10,,4,,,,4,2
9199,2,0,0,,1,,,,1,2
9203,0,0,1,,0,,,,0,0
9204,2,1,4,,2,,,,0,2
9208,0,0,1,,0,,,,0,0
9209,0,1,9,,1,,,,0,0
9210,1,0,3,,0,,,,1,1
9211,2,1,4,,0,,1,,2,4
9216,0,1,4,,1,,,,0,0
9221,3,0,1,,0,,,1,0,3
9223,0,1,0,,0,,,,0,0
9227,0,0,1,,0,,,,0,0
9228,0,1,1,,1,,,,1,0
9231,3,0,1,,0,,,,0,4
9236,1,0,7,,0,,,,1,1
9239,0,0,2,,0,,,,2,0
9241,1,0,2,,3,,,,2,1
9244,0,0,0,,0,,,,1,0
9245,1,1,1,,0,,,,1,1
9246,1,1,8,,0,,,,1,1
9248,0,0,0,,0,,,,0,0
9249,0,2,1,,0,,,,1,0
9251,0,1,7,,0,,,,0,0
9253,0,0,5,,0,,,,3,0
9260,0,0,1,,1,,,,0,0
9264,2,0,1,,0,,,,1,2
9267,3,0,6,,0,,,,1,4
9273,2,2,7,,1,,,,1,2
9276,0,0,2,,3,,,,1,0
9278,0,1,2,,0,,,,0,0
9281,0,2,10,,0,,,,2,0
9287,0,1,4,,0,,,,1,0
9289,2,2,2,,0,,,,0,3
9290,3,3,6,,1,,,1,2,4
9298,0,0,2,,0,,,,1,0
9300,0,1,14,,0,,,,1,0
9306,0,0,3,,0,,,,0,0
9307,3,0,2,,2,,,1,0,5
9309,1,0,4,,0,,,,0,1
9312,2,1,2,,1,,,,0,2
9315,0,0,2,,0,,,,3,0
9318,2,1,1,,0,,,,0,2
9321,2,2,2,,2,,,,0,3
9324,0,2,1,,0,,,,0,0
9325,1,0,10,,1,,,,3,2
9327,0,0,3,,1,,,,0,0
9334,0,0,3,,0,,,,1,0
9335,0,3,6,,0,,,,1,0
9338,1,4,5,,0,,,,2,1
9341,1,0,3,,0,,,,2,1
9347,2,2,5,,0,,1,,1,4
9349,2,0,5,,0,,,,1,2
9351,1,0,2,,0,,,,3,2
9352,0,0,3,,0,,,,1,0
9356,0,0,9,,0,,,,3,0
9357,0,0,0,,0,,,,1,0
9360,2,2,10,,0,,,,1,3
9365,0,0,7,,0,,,1,3,0
9366,0,0,0,,0,,,,0,0
9367,1,2,10,,2,,1,,1,1
9368,3,1,5,,0,,,,0,4
9370,1,0,0,,0,,,,0,1
9377,3,1,2,,1,,,,2,3
9378,2,0,7,,1,,,,2,3
9381,3,0,5,,0,,,,0,5
9389,0,0,1,,0,,,,0,0
9397,0,2,5,,1,1,,,1,0
9399,0,1,9,,0,,,,0,0
9404,2,1,2,,0,,,,1,2
9405,1,0,5,,0,,,,3,1
9406,2,1,3,,0,,,,2,2
9410,1,1,4,,0,,,,0,1
9412,1,1,0,,0,,,1,1,2
9415,3,2,6,,0,,,,1,3
9420,0,1,4,,0,,,,1,0
9421,3,3,7,,1,,,1,0,3
9428,1,0,1,,2,,,,1,1
9431,0,0,0,,0,,,,0,0
9436,0,3,1,,0,,,,0,0
9437,0,5,4,,2,,,,2,0
9445,1,0,2,,1,,,,2,2
9446,0,1,3,,0,,,,1,0
9447,1,0,1,,0,,,1,1,1
9448,1,1,9,,0,,,,4,2
9450,0,0,3,,1,,,,1,0
9458,0,1,7,,0,,,,0,0
9460,0,0,7,,0,,,,1,0
9461,0,0,2,,0,,,1,4,0
9463,1,0,7,,1,,,,1,2
9464,0,0,2,,0,,,,0,0
9465,1,0,7,,0,,,,1,1
9466,2,3,2,,0,,,,3,2
9468,0,0,2,,1,,,,0,0
9469,0,0,0,,0,,,,0,0
9473,1,0,11,,0,,,,5,2
9475,1,0,0,,2,,,,1,1
9481,2,2,4,,0,,,,1,2
9483,3,1,4,,1,,,,2,3
9485,1,0,2,,0,,,,4,4
9499,0,1,2,,2,,,2,2,0
9502,1,1,1,,0,,,,1,1
9503,2,0,1,,0,,,1,0,2
9505,0,0,4,,0,,,,0,0
9506,1,1,14,,0,,,,2,1
9512,2,1,4,,0,,,,0,2
9515,0,0,0,,0,,,,0,0
9517,2,0,2,,0,,,,0,2
9522,1,0,8,,1,,,,2,2
9524,5,1,3,,2,,,,1,6
9527,0,0,3,,0,,,,0,0
9531,0,2,10,,0,,,,0,0
9536,1,0,3,,0,,,,1,1
9539,1,1,0,,0,,,,1,2
9545,1,1,2,,1,,,,1,5
9550,0,3,3,,0,,,,2,0
9555,2,0,4,,1,,,,1,3
9558,4,0,2,,0,,,,2,6
9560,0,1,7,,1,,,,0,0
9561,1,0,0,,0,,,,0,2
9562,0,2,9,,0,,,,2,0
9564,1,0,2,,2,,,,1,1
9570,1,2,15,,0,,,,0,2
9574,0,3,1,,0,,,,0,0
9575,1,1,7,,2,,,,2,2
9578,1,0,0,,0,,,,1,1
9579,3,3,5,,0,,1,,2,5
9584,0,0,5,,0,,,,0,0
9585,0,0,0,,1,,,,0,0
9587,2,0,3,,0,,,,0,3
9588,1,0,2,,0,,,,0,1
9589,0,0,2,,1,,,,1,0
9596,2,0,0,,0,,,,1,2
9597,0,1,5,,0,,,,1,0
9601,2,0,10,,0,,,,3,3
9605,0,0,0,,0,,,,0,0
9611,1,0,3,,0,,,,1,1
9612,0,0,1,,0,,,,0,0
9614,1,0,7,,0,,,,0,1
9616,0,0,1,,3,,,,0,0
9619,0,0,2,,0,,,,2,0
9623,1,1,6,,0,,,,1,3
9624,3,0,0,,0,,,,0,4
9627,3,1,2,,0,,,1,4,6
9628,1,3,5,,0,,,,5,1
9632,2,0,1,,1,,,,3,3
9633,1,0,0,,0,,,,0,1
9636,0,2,4,,0,,,,0,0
9637,0,0,4,,0,,,,1,0
9639,2,0,2,,0,,,,0,3
9642,0,0,2,,0,,,,0,0
9652,1,1,2,,0,,,,1,3
9655,1,2,8,,1,,,,1,1
9657,3,1,1,,2,,,,3,3
9658,0,0,1,,1,,,,1,0
9666,0,0,7,,1,,,,0,0
9668,0,0,1,,2,,,,0,0
9672,1,1,8,,0,,,,0,2
9673,0,0,11,,0,,,,2,0
9677,1,1,2,,0,,,,0,2
9678,2,3,5,,0,,,,2,3
9680,2,1,1,,2,,,,1,3
9682,5,0,4,,0,,,,0,5
9689,1,3,9,,1,,,,1,3
9693,0,1,2,,1,,,,1,0
9694,0,0,1,,0,,,,0,0
9697,2,0,12,,0,,,,0,2
9699,2,1,3,,0,,,2,0,3
9700,2,0,1,,1,,,,1,2
9705,0,0,0,,0,,,,0,0
9706,1,1,10,,0,,,,0,3
9716,3,1,1,,0,,,,0,3
9719,0,1,1,,0,,,,0,0
9720,5,0,9,,0,,,,2,5
9723,3,2,6,,2,,,,1,5
9730,1,0,1,,0,,,,2,1
9738,2,1,2,,0,,,,0,3
9742,0,1,3,,0,,,,2,0
9743,1,1,2,,1,,,,2,3
9745,0,1,8,,0,,,,0,0
9746,2,2,7,,0,,,,2,2
9747,3,3,2,,0,,,,3,4
9753,1,1,6,,0,,,,0,1
9756,0,1,8,,1,,,,2,0
9759,0,0,2,,0,,,,0,0
9760,1,0,0,,1,,,,3,1
9763,4,0,5,,1,,,,1,4
9764,1,2,2,,1,,,,1,2
9769,1,0,2,,0,,,,2,2
9771,0,0,3,,2,,,,0,0
9773,0,0,1,,0,,,,1,0
9778,1,0,6,,0,,,,1,2
9780,0,0,1,,2,,,,0,0
9784,0,2,11,,0,,,,0,0
9787,0,0,0,,1,,,,0,0
9789,0,1,3,,1,,,,2,0
9795,1,0,2,,0,,,,1,1
9796,0,1,5,,1,,,,0,0
9797,1,2,2,,0,,,,0,1
9805,0,0,0,,1,,,,2,0
9807,0,0,1,,0,,,,1,0
9810,0,0,5,,1,,,,0,0
9811,0,1,3,,0,,,,0,0
9815,0,0,3,,0,,,,0,0
9816,1,1,5,,0,,,,0,1
9817,0,0,0,,0,,,,1,0
9818,2,0,1,,1,,,,5,2
9820,0,0,2,,2,,,,2,0
9821,2,3,3,,0,,,1,1,4
9827,2,0,5,,1,,,,0,3
9830,0,1,8,,0,,,1,0,0
9834,2,2,2,,0,,,,2,5
9836,1,2,8,,0,,,1,1,1
9839,2,2,3,,0,,,,3,2
9841,1,1,0,,0,,,1,0,2
9846,0,3,1,,0,,1,,0,0
9852,0,0,0,,0,,,,0,0
9854,0,1,5,,0,,,,1,0
9857,0,1,0,,0,,,,0,0
9861,0,3,4,,1,,,,0,0
9863,1,1,3,,1,,,,0,1
9865,0,2,3,,0,,,1,0,0
9869,0,0,1,,0,,,,0,0
9873,0,0,1,,0,,,,0,0
9874,1,0,5,,0,,,,0,1
9881,3,0,3,,1,,,1,2,4
9885,0,1,2,,0,,,,0,0
9893,0,2,3,,0,,1,,0,0
9896,1,0,6,,0,,,,2,2
9899,1,0,1,,0,,,,1,1
9900,1,0,0,,0,,,,1,2
9901,0,2,1,,2,,,1,0,0
9905,1,0,5,,0,,,,0,1
9909,1,0,2,,1,,,,1,2
9912,0,2,1,,0,,,,0,0
9915,1,0,4,,0,,,,2,1
9917,0,0,3,,1,,,,1,0
9919,1,0,0,,0,,,,1,1
9931,0,1,2,,0,,,,0,0
9933,0,0,5,,1,,,,0,0
9934,0,0,1,,0,,,,0,0
9935,2,0,3,,0,,,,1,2
9937,0,0,2,,0,,,,1,0
9939,0,0,0,,0,,,1,2,0
9943,0,1,2,,1,,,,1,0
9945,0,0,0,,0,,,,1,0
9950,0,2,1,,0,,,,0,0
9951,0,0,1,,0,,,,0,0
9957,0,1,4,,0,,,,1,0
9962,1,1,0,,2,,,1,3,2
9964,0,0,6,,0,,,,0,0
9965,1,0,4,,0,,,,1,2
9966,0,0,1,,1,,,,1,0
9967,4,0,1,,0,,,1,2,5
9968,0,1,6,,0,,,,0,0
9972,0,1,2,,3,,,,0,0
9973,0,1,8,,0,,,,1,0
9975,0,1,1,,0,,,1,1,0
9977,0,0,2,,0,,,,0,0
9978,1,3,4,,0,,,,1,2
9979,2,1,0,,1,,,,0,2
9985,0,1,10,,0,,,,1,0
9991,2,1,2,,0,,,,1,3
9993,1,0,3,,0,,1,,0,1
9994,1,0,8,,0,,,,1,1
9995,1,0,10,,0,,,,0,1
9998,0,2,5,,0,,,,0,0
10002,0,1,4,,0,,,,3,0
10004,0,2,5,,0,,,,0,0
10009,1,0,1,,0,,,,1,1
10012,1,2,6,,0,,,,0,2
10020,0,1,0,,0,,,,1,0
10021,0,0,0,,0,,,,0,0
10022,1,0,6,,0,,,,0,1
10028,1,0,8,,0,,,,1,1
10034,0,0,0,,0,,,,0,0
10036,0,0,2,,3,,,,2,0
10037,2,1,2,,1,,,2,1,4
10038,1,0,2,,0,,,,1,3
10042,1,0,8,,0,,,,0,3
10044,0,0,0,,1,,,1,0,0
10045,0,0,3,,0,,,,2,0
10046,0,0,11,,1,,,,0,0
10055,1,0,2,,1,,,,1,1
10058,1,1,3,,0,,,,0,1
10061,0,0,1,,0,,,,1,0
10062,0,1,3,,0,,,,0,0
10064,2,0,11,,0,,,,2,3
10066,0,1,12,,1,,,,0,0
10070,0,1,5,,0,,,,0,0
10075,1,0,0,,0,,,1,0,1
10079,1,0,1,,0,,,,1,1
10080,0,0,1,,0,,,,3,0
10084,0,1,5,,0,1,,,0,0
10092,2,2,3,,0,,,,1,4
10093,3,1,8,,1,,,,1,3
10094,0,1,0,,0,,,,1,0
10095,0,0,11,,0,,,,0,0
10098,3,1,1,,1,,,,1,3
10099,0,1,3,,1,,,1,3,0
10101,0,0,2,,2,,,,1,0
10102,0,1,1,,0,,,,0,0
10115,2,0,10,,0,,,,1,3
10117,0,0,2,,0,,,,0,0
10119,5,0,2,,0,,,,2,6
10120,2,1,7,,1,,,,1,3
10123,0,0,15,,0,,,,1,0
10126,1,1,1,,0,,,,2,2
10127,0,0,7,,0,,,,0,0
10131,2,1,7,,1,,,,1,3
10134,2,2,2,,0,,,,3,3
10139,2,2,5,,4,,,,1,2
10145,2,1,5,,0,,,,2,3
10146,0,4,6,,2,,,,0,0
10147,0,0,3,,0,,,,0,0
10148,1,2,3,,2,,,,1,1
10151,0,0,0,,1,,,,1,0
10154,0,1,1,,0,,,,3,0
10161,1,1,4,,0,,,,2,1
10162,0,0,0,,0,,,,0,0
10165,1,0,7,,1,,,,1,1
10167,1,0,4,,0,,,,1,1
10168,1,0,6,,1,,1,,1,1
10170,1,0,1,,1,,,1,3,3
10171,0,0,0,,0,,,,0,0
10174,0,1,3,,0,,,,0,0
10175,2,0,5,,1,,,,0,2
10178,1,1,1,,0,,,,0,2
10183,0,2,7,,1,,,,1,0
10187,0,0,1,,0,,,,2,0
10191,1,1,4,,0,,,,3,1
10197,0,1,0,,0,,,,3,0
10205,1,0,10,,1,,,,0,2
10208,4,1,18,,0,,,,1,4
10210,0,0,6,,0,,,,2,0
10213,1,1,0,,2,,,,2,1
10217,0,0,10,,1,,,,1,0
10219,1,0,1,,1,,,,3,1
10220,2,1,4,,1,,,,1,4
10228,0,1,0,,2,,,,1,0
10233,0,0,0,,0,,,,1,0
10242,3,0,2,,1,,1,,0,3
10243,2,0,1,,0,,,,0,2
10244,0,1,1,,1,,,,0,0
10250,1,0,3,,0,,,,0,1
10252,1,0,0,,0,,,,0,2
10253,1,0,2,,1,,,,3,2
10254,0,2,3,,0,,,1,3,0
10256,1,0,4,,0,,,,1,1
10258,0,1,2,,0,,,,0,0
10260,0,1,3,,2,,,,1,0
10263,0,0,1,,1,,,,0,0
10271,0,1,4,,0,,,,0,0
10272,1,0,5,,0,,,,2,1
10274,0,2,1,,0,,,,0,0
10277,0,0,0,,0,,,,0,0
10282,1,1,2,,0,,1,,0,1
10283,3,1,1,,1,,,,0,4
10287,0,0,1,,0,,,,0,0
10288,2,1,1,,0,,,,1,5
10289,1,3,3,,1,,,,1,3
10290,0,0,0,,0,,,,0,0
10304,0,1,0,,0,,,,1,0
10305,0,1,7,,0,,,,1,0
10307,2,3,3,,2,,,,2,2
10309,2,1,13,,0,,,,2,4
10310,0,0,3,,0,,,,0,0
10311,0,2,5,,0,,1,,0,0
10320,1,0,7,,2,,,,2,2
10326,1,2,4,,2,,,,0,1
10328,3,0,6,,1,,,,0,4
10329,1,2,11,,1,,,,0,2
10330,0,4,6,,0,,,,0,0
10332,1,1,2,,0,,,,0,2
10334,2,0,3,,0,,,,0,4
10335,0,2,1,,1,,,,1,0
10340,0,1,1,,0,,,,0,0
10344,0,2,0,,1,,,1,1,0
10346,0,0,0,,0,,,,0,0
10347,0,1,4,,0,,,,0,0
10349,0,2,3,,1,,,1,1,0
10352,0,1,8,,0,,,,0,0
10356,0,1,8,,0,,,,1,0
10358,0,0,1,,0,,,,0,0
10362,3,0,0,,0,,,,0,3
10364,0,1,1,,1,,,,0,0
10367,0,0,1,,0,,,,0,0
10370,2,3,9,,0,,,,1,2
10372,1,1,3,,0,1,,,0,3
10375,1,0,0,,1,,,,1,2
10379,0,0,3,,0,,,,2,0
10382,0,0,1,,0,,,,0,0
10383,0,0,0,,0,,,,0,0
10388,0,0,0,,0,,,,0,0
10390,1,0,6,,0,,,,0,1
10391,0,0,5,,0,,,,1,0
10395,0,0,1,,0,,,1,1,0
10399,2,0,10,,0,,,,1,2
10400,1,0,0,,1,,,,2,1
10402,2,1,6,,0,,,,1,2
10404,0,1,1,,0,,,,0,0
10406,2,1,4,,0,,,,0,3
10408,1,1,4,,0,,,,2,3
10413,3,0,4,,1,,,,1,3
10418,0,0,7,,0,,,,1,0
10419,1,0,8,,0,,,,0,2
10421,0,0,11,,1,,,,0,0
10423,2,0,5,,0,,,,2,2
10426,2,0,2,,0,,,,1,2
10427,1,0,2,,1,,,,0,5
10430,3,0,1,,1,,,,6,6
10431,0,0,0,,0,,,,1,0
10436,2,0,13,,0,,,,0,3
10441,2,0,9,,1,,,,1,2
10448,1,0,6,,1,,,,0,1
10455,2,0,6,,3,,,,4,4
10456,0,0,6,,0,,,,0,0
10458,2,1,5,,1,,,1,2,2
10459,0,0,0,,0,,,,1,0
10461,2,2,1,,1,,,,0,4
10464,1,0,2,,1,,,,0,1
10465,1,0,1,,1,,,,1,1
10472,3,2,0,,1,,,,1,3
10477,1,0,8,,1,,,,0,2
10478,0,1,0,,0,,,,0,0
10484,0,0,0,,0,,,,0,0
10485,1,1,1,,0,,,,0,1
10486,1,2,6,,0,,,,2,1
10491,1,1,3,,2,,,,0,2
10492,0,1,10,,0,,,1,1,0
10495,1,0,1,,0,,,,0,1
10499,0,0,3,,3,,,,2,0
10500,0,0,0,,1,,,,1,0
10501,4,1,8,,0,,,,0,5
10504,0,0,1,,0,,,,0,0
10508,0,0,6,,0,,,,1,0
10511,2,1,2,,0,,,,2,3
10518,1,1,2,,2,,1,1,2,1
10523,0,0,2,,1,,,,0,0
10525,1,0,0,,0,,,,1,2
10526,0,2,0,,0,,,,4,0
10528,1,0,4,,0,,,,1,1
10533,0,1,2,,0,,,,0,0
10534,2,2,6,,1,,,,2,2
10537,0,0,2,,1,,,,0,0
10540,1,1,5,,0,,,,3,1
10542,2,0,3,,0,,,1,1,2
10545,0,0,0,,0,,,,1,0
10552,0,0,1,,0,,,,0,0
10554,0,1,7,,1,,,,0,0
10561,0,1,5,,1,,,,0,0
10563,3,0,2,,1,,,,2,3
10564,1,1,0,,3,,,,3,1
10566,0,0,1,,1,,,,0,0
10567,0,1,2,,1,,,,2,0
10575,1,1,3,,0,,,,1,1
10580,0,0,3,,0,,1,,0,0
10581,1,1,1,,3,,,,2,1
10583,0,1,3,,0,,,,2,0
10585,0,0,2,,0,,,,0,0
10586,1,0,0,,1,,,1,0,1
10589,1,1,3,,0,,,,0,1
10591,0,0,1,,0,,,,0,0
10595,1,2,5,,0,,,,1,1
10601,4,0,4,,3,,,,1,4
10610,0,2,8,,0,,,,0,0
10617,0,1,1,,0,,,,0,0
10618,2,2,3,,0,,,,0,4
10619,2,1,21,,0,,,,0,2
10622,0,0,0,,0,,,1,0,0
10624,0,0,2,,0,,,,0,0
10626,2,0,5,,2,,,,1,3
10627,0,1,0,,1,,,,1,0
10629,3,1,6,,2,,,,0,4
10631,0,1,1,,0,,,,0,0
10632,0,1,7,,0,,,,0,0
10640,1,1,6,,0,,,,1,3
10641,1,0,7,,0,,,,1,1
10646,0,1,0,,1,,,1,0,0
10647,1,0,1,,1,,,,0,1
10648,1,2,3,,2,,,,1,2
10650,1,1,1,,0,,,,1,1
10653,2,0,4,,2,,,,2,3
10656,0,0,2,,0,,,1,2,0
10664,1,0,11,,0,,,,1,1
10667,0,0,1,,1,,,,0,0
10674,1,0,7,,2,,,,1,1
10675,0,0,4,,0,,,,0,0
10676,0,1,3,,0,,,1,2,0
10677,2,1,2,,1,,,1,2,2
10682,0,1,8,,0,,,,1,0
10683,0,0,0,,0,,,,1,0
10685,0,0,6,,1,,,,0,0
10686,0,0,0,,0,,,,2,0
10690,0,0,15,,1,,,,1,0
10695,0,2,8,,1,,,,1,0
10697,1,2,6,,0,,,,0,1
10698,0,1,2,,0,,,,1,0
10700,1,1,3,,0,,,,1,1
10707,0,0,3,,0,,,,1,0
10712,1,0,7,,0,,,,1,1
10714,1,0,0,,0,,,,1,1
10720,0,2,2,,0,,,,0,0
10722,1,3,2,,0,,,,1,2
10723,0,0,3,,0,,,,1,0
10726,0,0,3,,0,,,,0,0
10727,1,0,1,,0,,,,0,1
10728,0,2,2,,0,,,1,2,0
10733,0,1,0,,1,,,,1,0
10740,0,0,1,,0,,,,0,0
10744,1,0,0,,2,,,1,3,2
10745,0,1,1,,0,,,,0,0
10746,2,1,2,,3,,1,,0,2
10748,0,1,13,,1,,,,0,0
10750,1,1,1,,1,,,,2,2
10756,1,0,2,,1,,,,0,3
10757,3,0,10,,0,,,,2,4
10758,2,0,3,,0,,,,1,3
10760,0,0,0,,0,,,,0,0
10761,0,0,0,,0,,,1,3,0
10762,0,0,2,,0,,,,0,0
10763,2,1,2,,1,,,,0,5
10764,0,0,5,,0,,,,2,0
10765,0,0,9,,0,,,,0,0
10768,1,1,1,,0,,,,2,2
10774,0,1,2,,0,,,,2,0
10775,0,0,3,,0,,,,1,0
10780,0,0,1,,0,,,,1,0
10781,0,1,1,,0,,,,1,0
10785,1,0,7,,0,,,,1,5
10786,3,0,4,,1,,,,0,3
10793,0,0,0,,0,,,,2,0
10796,2,1,4,,0,,,,1,4
10800,1,1,0,,0,,,,1,1
10801,1,0,6,,1,,,,0,1
10805,2,3,6,,0,,,,1,2
10809,0,0,2,,0,,,,2,0
10814,2,1,5,,0,,,,0,2
10817,2,3,7,,0,,,1,0,2
10818,1,0,4,,0,,,,0,2
10826,2,1,2,,0,,,,2,4
10827,1,4,7,,0,,,,0,1
10831,0,1,10,,0,,,,2,0
10833,0,0,0,,0,,,,0,0
10838,1,2,1,,0,,,,0,1
10841,0,3,10,,0,,,,0,0
10842,1,0,4,,1,,,,3,1
10844,3,0,6,,1,,,,0,4
10845,1,0,5,,1,,,,1,1
10851,3,1,3,,1,,,1,2,7
10861,0,0,0,,0,,,,1,0
10862,0,2,1,,0,,,,1,0
10864,3,0,2,,0,1,,,2,5
10873,3,1,0,,0,,,1,1,4
10877,2,1,1,,3,,,,1,3
10879,0,0,1,,0,,,,0,0
10883,1,0,5,,0,,,,2,1
10885,1,0,2,,0,,,,1,1
10887,0,0,0,,0,,,,1,0
10888,0,0,2,,0,,,,2,0
10889,1,1,3,,1,,,,1,1
10896,0,1,0,,0,,,,1,0
10897,0,1,12,,1,,,,4,0
10898,1,1,8,,0,,,,1,1
10899,0,0,4,,0,,,,0,0
10902,0,0,0,,2,,,,1,0
10915,1,1,1,,2,,,,4,2
10917,1,1,3,,0,,,,0,1
